file,mtime,model,target,data_mode,group_id,cv_folds,cv_val_ratio,label_space,unified_sampling,experiment_tag,evaluation_mode,window_size,window_shape,in_channels,accuracy_mean,accuracy_std,accuracy_min,accuracy_max,macro_f1_mean,macro_f1_std,macro_f1_min,macro_f1_max,macro_precision_mean,macro_precision_std,macro_precision_min,macro_precision_max,macro_recall_mean,macro_recall_std,macro_recall_min,macro_recall_max,file_accuracy_mean,file_accuracy_std,file_accuracy_min,file_accuracy_max,file_macro_f1_mean,file_macro_f1_std,file_macro_f1_min,file_macro_f1_max,file_macro_precision_mean,file_macro_precision_std,file_macro_precision_min,file_macro_precision_max,file_macro_recall_mean,file_macro_recall_std,file_macro_recall_min,file_macro_recall_max,val_accuracy_mean,val_accuracy_std,val_accuracy_min,val_accuracy_max,val_macro_f1_mean,val_macro_f1_std,val_macro_f1_min,val_macro_f1_max,val_macro_precision_mean,val_macro_precision_std,val_macro_precision_min,val_macro_precision_max,val_macro_recall_mean,val_macro_recall_std,val_macro_recall_min,val_macro_recall_max,file_val_accuracy_mean,file_val_accuracy_std,file_val_accuracy_min,file_val_accuracy_max,file_val_macro_f1_mean,file_val_macro_f1_std,file_val_macro_f1_min,file_val_macro_f1_max,file_val_macro_precision_mean,file_val_macro_precision_std,file_val_macro_precision_min,file_val_macro_precision_max,file_val_macro_recall_mean,file_val_macro_recall_std,file_val_macro_recall_min,file_val_macro_recall_max
/mnt/8tb_hdd/tushar/MSPF_Net/results/baselines/timesnet/processed/d1/timesnet_d1_cv5_summary.json,1779087525.2287238,timesnet,D1,processed,,5,0.2,fine,,,crossval_summary,512,"[1, 512]",1,95.43273350471293,3.527267500502546,88.47472150814053,97.79348757497857,94.98351442395486,4.163282813384215,86.77834326551694,97.6787905323632,96.05859925973782,2.678617017878745,90.80034672604332,97.94388317402776,94.85518423307626,4.136297823852917,86.73521850899742,97.57497857754927,98.33333333333333,3.333333333333337,91.66666666666666,100.0,98.0952380952381,3.8095238095238066,90.47619047619048,100.0,99.0,2.0,95.0,100.0,98.0,4.0,90.0,100.0,95.88174807197944,3.8242874236053317,88.56041131105398,98.89460154241645,95.88189475421393,3.822512486975981,88.56506899894939,98.89512602314878,96.50278664534395,2.757805297595439,91.413149996634,98.90924897091514,95.88174807197944,3.8242874236053317,88.56041131105398,98.89460154241645,100.0,0.0,100.0,100.0,100.0,0.0,100.0,100.0,100.0,0.0,100.0,100.0,100.0,0.0,100.0,100.0
/mnt/8tb_hdd/tushar/MSPF_Net/results/baselines/timesnet/processed/d2/timesnet_d2_cv5_summary.json,1779154670.9092605,timesnet,D2,processed,,5,0.2,fine,,,crossval_summary,8192,"[4, 8192]",4,72.08300242171262,9.685127152509788,57.130765975454935,83.45959595959596,71.78147093561172,8.725026554634994,58.823742922867105,82.87521350417492,74.76403525377359,6.357914938900395,67.67167980203077,85.07045413150485,72.57947905546288,9.437691595584258,57.364441871174456,83.82536501742713,72.5,12.869537676233751,56.25,93.75,71.57777777777777,12.11910572641239,59.88888888888889,93.14285714285712,75.73333333333332,10.335268635975446,65.0,95.0,72.99999999999999,12.265579661982732,56.666666666666664,93.33333333333333,78.70742747187701,11.170479217571495,62.458440201386914,93.3913043478261,78.12813031058458,11.678622078184825,61.02692794622904,93.23393511158358,79.67137191186112,11.436287896395104,63.06112116905753,93.07119549174784,79.52312840792284,10.887728648570015,64.16664582634132,93.84487088406581,80.0,14.56862718169367,64.28571428571429,100.0,78.4,16.735195169749723,58.57142857142858,100.0,77.6,18.88962090084864,55.00000000000001,100.0,80.66666666666666,14.360439485692014,63.33333333333333,100.0
/mnt/8tb_hdd/tushar/MSPF_Net/results/baselines/timesnet/processed/d4/timesnet_d4_cv5_summary.json,1779206624.1405067,timesnet,D4,processed,,5,0.2,fine,,,crossval_summary,2048,"[1, 2048]",1,17.436497326203206,2.8131378935098934,13.112745098039216,21.96691176470588,15.52040731688405,3.15605018760268,11.443512892049377,20.92624635757766,19.127609238113227,3.117028978059888,16.21563853547062,24.10720629135056,17.6671918767507,3.963042436242069,12.62990991851286,23.2616341991342,22.083333333333336,7.168604389202191,14.583333333333334,35.41666666666667,18.933004989506536,7.540597034394999,10.813492063492063,32.665317139001345,20.927516927516926,6.0290705400865,13.928571428571429,31.726190476190474,23.526785714285715,9.90588685518642,12.276785714285714,41.07142857142857,17.25601604278075,2.4800915606867138,15.013368983957221,22.06885026737968,14.9804460287824,2.5059171726902107,13.106258472542526,19.942712368324337,17.21018843462435,2.4928534034857583,14.036477026961801,20.650001824879492,16.409870766488414,3.8240989892076658,14.004010695187166,24.039104278074866,22.0,4.301162633521313,17.5,30.0,17.000561149588613,5.456067414520122,12.006578947368421,27.594905094905098,18.21946068637245,6.454635046577626,9.423076923076923,25.948322510822507,21.666666666666664,7.97130269571208,16.666666666666664,37.5
/mnt/8tb_hdd/tushar/MSPF_Net/results/baselines/timesnet/processed/d5/timesnet_d5_cv5_summary.json,1779209713.1989012,timesnet,D5,processed,,5,0.2,fine,,,crossval_summary,256,"[3, 256]",3,46.20355057645001,8.97871313242034,29.234462523339555,55.80154707922112,27.91382763891258,3.1915188234299103,22.01181776690434,30.58627509744149,36.85721790140874,2.644385882324594,32.675531849124276,40.79846411299651,27.501555970481014,4.355325733148973,18.974837734506977,30.927358406686228,48.0,10.40892304767144,30.0,60.0,25.333333333333332,3.3993463423951886,20.0,28.888888888888886,23.77777777777778,2.5915341754868004,20.0,26.666666666666668,28.666666666666664,4.988876515698586,20.0,33.33333333333333,48.33004356717346,3.7163925616710958,43.76633769005068,54.16555525918022,44.576504512154294,4.74658556666478,40.24817837178482,51.53118391993423,52.96516341868441,3.990923345882313,46.97175977733966,57.411386570258905,48.33004356717346,3.7163925616710944,43.76633769005068,54.16555525918022,57.33333333333333,6.798692684790377,46.666666666666664,66.66666666666666,50.88888888888889,9.747427644205027,36.666666666666664,64.44444444444444,48.22222222222222,11.012899282990103,32.22222222222222,63.33333333333333,57.33333333333333,6.798692684790377,46.666666666666664,66.66666666666666
/mnt/8tb_hdd/tushar/MSPF_Net/results/baselines/timesnet/processed/d8/timesnet_d8_cv5_summary.json,1779211663.6195185,timesnet,D8,processed,,5,0.2,fine,,,crossval_summary,8192,"[4, 8192]",4,87.55555555555556,5.888364756549381,77.5,94.44444444444444,86.90708717167246,6.846444452720189,74.73107090362778,94.42539682539682,89.67605010203508,3.732630300885299,85.55183946488295,94.81025641025641,87.55555555555557,5.888364756549381,77.5,94.44444444444446,90.66666666666666,6.798692684790379,80.0,100.0,90.24412624412625,7.424547899081251,78.02197802197803,100.0,92.61111111111111,4.95535624910617,86.66666666666667,100.0,90.66666666666666,6.798692684790379,80.0,100.0,86.31944444444443,3.698201932137314,80.20833333333334,90.97222222222221,86.08651450065099,3.8346763418790104,79.99112688553681,90.91168287691707,88.05205115129033,4.416391673210136,79.90909090909092,92.89617486338798,86.31944444444443,3.698201932137313,80.20833333333334,90.97222222222221,88.33333333333333,4.082482904638621,83.33333333333334,91.66666666666666,88.03174603174605,4.304212479179851,82.22222222222223,91.53439153439153,90.44444444444443,3.9503086299180343,83.33333333333334,93.33333333333333,88.33333333333333,4.082482904638621,83.33333333333334,91.66666666666666
/mnt/8tb_hdd/tushar/MSPF_Net/results/baselines/transformer1d/processed/d1/transformer1d_d1_cv5_summary.json,1779212062.9977164,transformer1d,D1,processed,,5,0.2,fine,,,crossval_summary,512,"[1, 512]",1,94.26735218508998,3.0951282547398296,90.1885175664096,99.10025706940874,93.55355628478262,3.7807572507887572,88.0267043765682,99.06216331275806,94.84981880756679,2.66904286352336,91.50818052007995,99.03163153916068,93.42587832047987,3.7950170822154847,88.2433590402742,99.10025706940873,96.66666666666666,4.082482904638635,91.66666666666666,100.0,95.96190476190476,4.958823648083194,89.33333333333333,100.0,97.66666666666666,2.905932629027117,93.33333333333333,100.0,96.0,4.898979485566356,90.0,100.0,92.76606683804627,4.2931237776638245,87.22365038560412,97.22365038560412,92.51745650880002,4.574643201317864,86.5882377795389,97.21021004070933,94.17454688498242,2.6996785047137752,90.70326133982196,97.32931004704672,92.76606683804627,4.293123777663823,87.22365038560412,97.22365038560412,96.0,4.898979485566356,90.0,100.0,95.73333333333332,5.225578117937449,89.33333333333333,100.0,97.33333333333333,3.2659863237109064,93.33333333333333,100.0,96.0,4.898979485566356,90.0,100.0
/mnt/8tb_hdd/tushar/MSPF_Net/results/baselines/transformer1d/processed/d2/transformer1d_d2_cv5_summary.json,1779216109.2127962,transformer1d,D2,processed,,5,0.2,fine,,,crossval_summary,8192,"[4, 8192]",4,91.82034228248784,5.610644462456453,81.62505289885739,97.87145933410635,90.82352454565141,7.10801113401789,77.45726635267309,97.847671168417,92.97537738757815,3.584682347980622,87.44085180967247,97.8092015324395,91.46446199646356,6.004377662013972,80.43993421679477,97.92153660964928,95.0,7.2886898685566255,81.25,100.0,93.42222222222222,10.329485544059699,73.33333333333333,100.0,93.2,11.702991070662236,70.0,100.0,94.66666666666666,7.774602526460401,80.0,100.0,92.75306738568013,4.410303127760137,85.04752851711027,97.55865868718533,92.45905359032142,4.761641691783951,84.2952194047706,97.66114068188054,92.57357836339415,4.647026060996071,84.57013849089401,97.78525466083966,92.78034226848814,4.620481495814557,84.83246052080193,97.66133946298446,100.0,0.0,100.0,100.0,100.0,0.0,100.0,100.0,100.0,0.0,100.0,100.0,100.0,0.0,100.0,100.0
/mnt/8tb_hdd/tushar/MSPF_Net/results/baselines/transformer1d/processed/d4/transformer1d_d4_cv5_summary.json,1779218001.834065,transformer1d,D4,processed,,5,0.2,fine,,,crossval_summary,2048,"[1, 2048]",1,16.71178698752228,1.1724084116751186,14.421791443850267,17.677696078431374,14.594428598118856,0.8736808847772416,12.900046715669882,15.404342873035315,19.661453560868956,4.392020737837573,15.680885070921391,27.5517897279895,16.72664804558187,0.9466840094541937,15.65494095365419,18.256720301757067,18.333333333333336,3.0618621784789735,14.583333333333334,20.833333333333336,15.984200582026668,1.6374900531454142,13.710317460317462,18.73251748251748,24.687876665817843,8.40353235288381,15.467171717171718,37.15909090909091,18.4672619047619,2.9400333433637607,14.211309523809524,21.874999999999996,15.111631016042782,3.534976900964746,10.655080213903743,19.07085561497326,13.709422919608471,3.0472220896726236,9.413031282413026,16.535451727221407,16.34795446470168,3.397322233929212,11.959097285167966,20.21071295658731,15.160984848484848,3.4523065157076323,10.642268270944742,19.816733511586452,17.5,5.244044240850758,10.0,22.5,14.740349927849929,4.941257840034806,7.927489177489178,20.188492063492063,19.867324561403507,8.874354328231313,7.708333333333334,32.98245614035088,16.249999999999996,6.640573937712177,8.333333333333332,27.083333333333332
/mnt/8tb_hdd/tushar/MSPF_Net/results/baselines/transformer1d/processed/d5/transformer1d_d5_cv5_summary.json,1779219080.9225426,transformer1d,D5,processed,,5,0.2,fine,,,crossval_summary,256,"[3, 256]",3,52.233484484751486,6.42842197859863,44.06775140037343,60.288669571144894,32.5759796281698,4.00858456371197,27.783164393069775,37.71902361253978,42.98529964702802,5.239274997130415,35.76693313262849,49.784000079741844,32.32186360807326,3.590612145114486,29.14466079843514,37.217924779941306,54.44444444444444,9.054021683317048,40.0,66.66666666666666,30.888888888888886,4.466611387164842,25.555555555555554,37.777777777777786,30.0,4.714045207910315,23.333333333333332,36.666666666666664,33.33333333333333,4.714045207910316,26.666666666666668,40.0,56.542366853383136,2.9438132193216955,53.603627634035746,61.51151418155953,53.89477017837892,4.529713398606096,47.12917247260225,59.31091714791293,61.05863372113656,6.322005633011549,51.62323495948944,66.58355877945716,56.542366853383136,2.9438132193216933,53.603627634035746,61.51151418155953,62.666666666666664,7.999999999999996,53.333333333333336,73.33333333333333,55.333333333333336,8.146801235477048,44.44444444444445,64.44444444444444,51.77777777777777,8.391647817110757,40.0,60.0,62.666666666666664,7.999999999999996,53.333333333333336,73.33333333333333
/mnt/8tb_hdd/tushar/MSPF_Net/results/baselines/transformer1d/processed/d8/transformer1d_d8_cv5_summary.json,1779219340.4673858,transformer1d,D8,processed,,5,0.2,fine,,,crossval_summary,8192,"[4, 8192]",4,97.05555555555557,4.3411610212414,88.61111111111111,100.0,97.05264810024556,4.3448952836199854,88.60141439766468,100.0,97.11419427752153,4.314922070650938,88.68603813903792,100.0,97.05555555555557,4.3411610212414,88.61111111111111,100.0,97.33333333333334,5.333333333333331,86.66666666666667,100.0,97.33333333333334,5.333333333333326,86.66666666666669,100.0,97.33333333333334,5.333333333333331,86.66666666666667,100.0,97.33333333333334,5.333333333333331,86.66666666666667,100.0,96.875,5.908902051717403,85.06944444444444,100.0,96.71731559490378,6.223960551967601,84.2810224189633,100.0,97.79876099120705,4.064165046943088,89.68824940047962,100.0,96.875,5.908902051717399,85.06944444444446,100.0,96.66666666666667,6.666666666666663,83.33333333333334,100.0,96.44444444444444,7.111111111111108,82.22222222222223,100.0,97.77777777777779,4.4444444444444455,88.88888888888889,100.0,96.66666666666667,6.666666666666663,83.33333333333334,100.0
/mnt/8tb_hdd/tushar/MSPF_Net/results/baselines/informer/processed/d1/informer_d1_cv5_summary.json,1779219612.3516107,informer,D1,processed,,5,0.2,fine,,,crossval_summary,512,"[1, 512]",1,97.05655526992288,3.136252639755543,91.43101970865467,99.78577549271637,96.6923029330911,3.6203414669920497,90.2276669873364,99.78161340904255,97.81664393949208,1.9850127331021463,94.77529482254987,99.76110148584475,96.53470437017992,3.8009995288079326,89.72579263067693,99.80291345329906,98.33333333333333,3.333333333333337,91.66666666666666,100.0,98.0952380952381,3.8095238095238066,90.47619047619048,100.0,99.0,2.0,95.0,100.0,98.0,4.0,90.0,100.0,94.91516709511568,5.336884753208262,88.32904884318766,99.46015424164526,94.68686844298715,5.614609336716384,87.76834490030815,99.46008790231588,96.39517003298576,3.538954353666928,91.86724962772868,99.46025197120457,94.9151670951157,5.336884753208256,88.32904884318766,99.46015424164526,96.0,4.898979485566356,90.0,100.0,95.73333333333332,5.225578117937449,89.33333333333333,100.0,97.33333333333333,3.2659863237109064,93.33333333333333,100.0,96.0,4.898979485566356,90.0,100.0
/mnt/8tb_hdd/tushar/MSPF_Net/results/baselines/informer/processed/d2/informer_d2_cv5_summary.json,1779223492.8046038,informer,D2,processed,,5,0.2,fine,,,crossval_summary,8192,"[4, 8192]",4,86.02256298694508,6.665114102985497,78.05517941773866,93.47643097643098,85.77956790652377,6.809596850110525,77.76263412390819,92.99375600504399,88.64553129480313,5.383185739733533,80.40483129379862,94.5624206979732,86.53522057242014,6.124983683950935,79.21549447077092,93.01451093998791,88.75,6.123724356957945,81.25,93.75,88.39365079365078,6.556784542165152,80.0,94.28571428571428,91.26666666666667,5.126835714594772,83.33333333333333,96.0,89.0,6.018490028422593,81.66666666666667,95.0,79.41996190726525,8.295457967570735,69.39298945568538,93.29162656400385,78.67924880061881,9.34369489699042,67.31452914165567,93.47360657899542,86.1251917639463,7.686114652578841,72.30679949524934,94.98947261450074,79.87534160429277,8.535695042080231,69.95826489367005,93.56443980273669,78.57142857142857,9.035079029052513,64.28571428571429,92.85714285714286,78.13333333333334,9.375724915283879,64.0,93.14285714285715,87.98095238095239,4.453091361710085,81.9047619047619,95.0,79.33333333333334,8.537498983243797,66.66666666666667,93.33333333333333
/mnt/8tb_hdd/tushar/MSPF_Net/results/baselines/informer/processed/d4/informer_d4_cv5_summary.json,1779227086.7963984,informer,D4,processed,,5,0.2,fine,,,crossval_summary,2048,"[1, 2048]",1,22.511697860962563,4.907974910187228,18.7054367201426,31.848819073083778,21.173917574760733,4.483598604761273,17.44531757763684,29.556554744641726,25.863878439281187,4.540814081292436,20.882131540237854,32.81128945145183,23.280752641965876,4.996823362382489,18.09587471352177,31.886518812070282,27.5,8.057949835755716,18.75,41.66666666666667,26.865880911501115,6.018111392695749,20.90764790764791,38.048249438115164,35.112570028011206,8.547841224970352,23.586309523809522,45.90277777777778,29.49404761904762,7.860411477403986,20.3125,43.526785714285715,25.145721925133692,3.8803971655969365,19.398395721925134,29.90307486631016,24.52359930189355,3.7042365062526086,19.69361626913351,29.55000107654422,30.340669656774942,3.7836975857047563,25.45028974330375,34.91274787206458,25.941399286987526,2.928500208525948,20.30135918003565,28.7850935828877,36.5,4.06201920231798,30.0,42.5,35.13016428016427,7.019886939496116,22.835164835164832,43.415404040404034,47.43789160401003,11.085581322819069,30.991541353383457,59.89583333333333,36.25,7.046472718869903,24.999999999999996,43.75
/mnt/8tb_hdd/tushar/MSPF_Net/results/baselines/informer/processed/d5/informer_d5_cv5_summary.json,1779227715.2474294,informer,D5,processed,,5,0.2,fine,,,crossval_summary,256,"[3, 256]",3,60.85439080050976,11.380304365186555,50.306748466257666,78.7810082688717,36.59043387202146,6.992985089564151,28.925985978176406,46.879070025582074,46.218203952242064,5.955802148784628,37.02592228235746,55.56261514963876,36.514981772917224,6.260438427302445,30.20360985151596,45.86378589846182,64.66666666666666,12.057475525556034,50.0,80.0,36.44444444444444,6.061414087549272,28.888888888888886,44.44444444444445,36.0,5.333333333333334,30.0,43.333333333333336,38.666666666666664,6.863753427324666,30.0,46.666666666666664,63.29367831421713,7.469812847122937,54.606561749799944,74.32559793722771,59.879243755966215,8.759315738912987,51.90853477667808,73.10055860606174,66.90125023710601,7.477118586399417,55.87373600198388,78.1438036673226,63.29367831421713,7.469812847122933,54.60656174979995,74.32559793722771,66.66666666666666,8.432740427115677,60.0,80.0,60.666666666666664,10.31838823666124,51.11111111111112,76.66666666666667,57.77777777777777,11.504159204928701,46.666666666666664,75.55555555555557,66.66666666666666,8.432740427115677,60.0,80.0
/mnt/8tb_hdd/tushar/MSPF_Net/results/baselines/informer/processed/d8/informer_d8_cv5_summary.json,1779227858.105754,informer,D8,processed,,5,0.2,fine,,,crossval_summary,8192,"[4, 8192]",4,70.0,9.90853230027934,53.333333333333336,80.0,65.77523856834486,12.465821475236352,44.607843137254896,79.44444444444444,76.2406843754193,14.643859277350538,47.22222222222223,86.97123519458545,70.0,9.908532300279342,53.333333333333336,80.0,70.66666666666666,9.977753031397176,53.333333333333336,80.0,66.3407790466614,12.585649000639817,44.607843137254896,79.44444444444444,76.56349206349206,14.81968551829539,47.22222222222223,87.5,70.66666666666667,9.977753031397178,53.333333333333336,80.0,61.66666666666665,16.121883371888973,33.33333333333333,82.63888888888889,53.03419891119336,20.535523273543173,16.666666666666664,80.58367192622265,55.792111400507295,27.04441025656198,11.11111111111111,86.2295081967213,61.66666666666665,16.121883371888973,33.33333333333333,82.63888888888889,61.666666666666664,16.32993161855452,33.33333333333333,83.33333333333334,53.065527065527064,20.75457101267837,16.666666666666664,81.4814814814815,55.85185185185186,27.116979733169188,11.11111111111111,86.66666666666667,61.666666666666664,16.32993161855452,33.33333333333333,83.33333333333334
/mnt/8tb_hdd/tushar/MSPF_Net/results/baselines/mixnet/processed/d1/mixnet_d1_cv5_summary.json,1779228144.8104322,mixnet,D1,processed,,5,0.2,fine,,,crossval_summary,512,"[1, 512]",1,96.84661525278491,3.0863618509407704,91.51670951156812,99.72150814053128,96.2661543613735,3.9307640982467764,89.18304006109402,99.70908108114891,97.4151654430154,2.4222283581376143,93.15106331850546,99.67778755444773,96.26392459297344,3.72971400909524,89.82005141388176,99.74293059125964,96.66666666666666,4.082482904638635,91.66666666666666,100.0,95.96190476190476,4.958823648083194,89.33333333333333,100.0,97.66666666666666,2.905932629027117,93.33333333333333,100.0,96.0,4.898979485566356,90.0,100.0,95.97429305912598,4.673422868231017,89.66580976863753,99.84575835475579,95.74939470746934,4.953501324862327,88.99982244387516,99.84572490876317,97.18868127879641,3.178622288224888,93.00463548251159,99.84602108262038,95.97429305912596,4.673422868231018,89.66580976863753,99.84575835475577,96.0,4.898979485566356,90.0,100.0,95.73333333333332,5.225578117937449,89.33333333333333,100.0,97.33333333333333,3.2659863237109064,93.33333333333333,100.0,96.0,4.898979485566356,90.0,100.0
/mnt/8tb_hdd/tushar/MSPF_Net/results/baselines/mixnet/processed/d2/mixnet_d2_cv5_summary.json,1779233928.8229167,mixnet,D2,processed,,5,0.2,fine,,,crossval_summary,8192,"[4, 8192]",4,95.63346112872577,4.932557450534717,87.1045221136326,100.0,95.58394429102384,5.094433090052504,86.64392788764734,100.0,96.61355678880899,3.969845102919636,89.5174602041132,100.0,95.33956217630819,5.265438027543772,86.23457937796063,100.0,96.25,5.0,87.5,100.0,96.13968253968254,5.201453369777934,86.92063492063494,100.0,97.4,3.5552777669262405,90.99999999999999,100.0,96.0,5.3333333333333375,86.66666666666666,100.0,94.45108190419414,3.4189765192003736,89.30608365019012,99.16908212560386,93.09736564408459,5.214644634601051,84.15133541722972,99.22220955029793,95.35533223709014,2.5731746074594044,93.14112874911007,99.25379609544468,93.73146603416161,4.858745473746908,85.0569840233505,99.22030825022667,95.71428571428571,3.4992710611188236,92.85714285714286,100.0,94.8952380952381,4.2049964880904,90.47619047619048,100.0,96.33333333333333,3.0550504633038953,93.33333333333333,100.0,95.33333333333333,4.000000000000001,90.0,100.0
/mnt/8tb_hdd/tushar/MSPF_Net/results/baselines/mixnet/processed/d4/mixnet_d4_cv5_summary.json,1779240388.578736,mixnet,D4,processed,,5,0.2,fine,,,crossval_summary,2048,"[1, 2048]",1,36.83433600713012,2.5507569690743708,33.69540998217469,41.173685383244205,36.42671969282816,2.916879429883384,34.26766111939568,42.0766862903864,42.98800817733384,4.7959437652167685,37.52277796461979,51.71229994456246,35.976552552839316,2.1762913885105695,33.75728132161956,39.33007862235804,45.0,4.289845892077917,37.5,50.0,44.837245560625874,5.402635376026926,34.14426523297492,48.33538264804249,55.17162698412697,5.730024758799696,46.5625,62.98611111111111,44.270833333333336,5.178485905150391,34.523809523809526,49.10714285714286,39.00935828877006,4.897446136474601,29.4451871657754,43.00802139037433,39.06467594666193,4.501490100865214,30.192940717722855,42.68228189189336,43.81178613193278,4.821525742065583,34.19381434262302,46.60575628379567,39.01626559714795,4.616726959812474,30.024509803921568,42.93114973262032,47.0,7.483314773547883,32.5,52.5,47.45602436778907,6.1150476969381975,36.45979020979021,54.93686868686869,55.87406343656344,5.715565045958985,48.36309523809524,65.625,46.666666666666664,7.861650943380502,31.25,52.08333333333333
/mnt/8tb_hdd/tushar/MSPF_Net/results/baselines/mixnet/processed/d5/mixnet_d5_cv5_summary.json,1779241855.65627,mixnet,D5,processed,,5,0.2,fine,,,crossval_summary,256,"[3, 256]",3,65.46936960967369,8.256281549624578,55.790877567351295,79.61530482202662,40.83664728663717,4.868244385859489,33.997519097388356,48.340871098564506,49.01281743255024,6.558788124854491,37.14559740977707,54.70665025151931,40.20218724993332,4.584222599383485,34.076642660264966,47.76918289321597,73.33333333333333,9.609665915750957,60.0,88.88888888888889,43.77777777777778,5.239922721134047,35.55555555555555,51.11111111111112,43.77777777777778,4.477653706579975,36.666666666666664,50.0,45.33333333333333,5.416025603090642,36.666666666666664,53.333333333333336,69.7739841735574,6.087279029816184,59.01484840401885,75.59526984973772,66.46676496850077,5.2495908113818945,56.93976361657821,71.47421867396201,73.14599733094532,2.6188727117846433,69.12901184575965,77.20057328079955,69.7739841735574,6.0872790298161865,59.014848404018835,75.59526984973772,77.33333333333333,6.798692684790385,66.66666666666666,86.66666666666667,70.44444444444443,8.0614920654298,58.88888888888888,82.22222222222221,67.11111111111111,8.56637122995395,55.55555555555555,80.0,77.33333333333333,6.798692684790385,66.66666666666666,86.66666666666667
/mnt/8tb_hdd/tushar/MSPF_Net/results/baselines/mixnet/processed/d8/mixnet_d8_cv5_summary.json,1779242148.3741503,mixnet,D8,processed,,5,0.2,fine,,,crossval_summary,8192,"[4, 8192]",4,96.33333333333333,3.321274483918917,91.94444444444444,100.0,96.32755518665162,3.3206413525290537,91.9935200564798,100.0,96.93972066631905,2.710843295969056,93.51230425055928,100.0,96.33333333333333,3.321274483918914,91.94444444444446,100.0,97.33333333333333,3.2659863237109064,93.33333333333333,100.0,97.3063973063973,3.298976084556472,93.26599326599326,100.0,97.77777777777779,2.7216552697590806,94.44444444444446,100.0,97.33333333333333,3.2659863237109064,93.33333333333333,100.0,99.23611111111111,1.5277777777777772,96.18055555555556,100.0,99.23359551479193,1.5328089704161356,96.16797757395966,100.0,99.31464174454828,1.3707165109034294,96.57320872274143,100.0,99.23611111111111,1.527777777777783,96.18055555555554,100.0,100.0,0.0,100.0,100.0,100.0,0.0,100.0,100.0,100.0,0.0,100.0,100.0,100.0,0.0,100.0,100.0
/mnt/8tb_hdd/tushar/MSPF_Net/results/baselines/wdcnn/processed/d1/wdcnn_d1_cv5_summary.json,1779242305.7889252,wdcnn,D1,processed,,5,0.2,fine,,,crossval_summary,512,"[1, 512]",1,96.30676949443017,3.6866936067711458,91.49528706083976,99.50728363324764,95.73822138319757,4.326266876979788,90.29442125470722,99.51055771523029,97.2482601077115,2.5599879370498506,93.54072650701755,99.55527525805901,95.63153384747216,4.4307558040424775,89.79434447300771,99.4687232219366,96.66666666666666,4.082482904638635,91.66666666666666,100.0,96.19047619047619,4.665694748158431,90.47619047619048,100.0,98.0,2.449489742783178,95.0,100.0,96.0,4.898979485566356,90.0,100.0,95.34704370179949,4.852419170710128,89.30591259640103,99.61439588688947,95.00622195521008,5.267632753139642,88.47603758022944,99.61491315907904,96.48694798187144,3.482281888600129,91.89152653969434,99.61868211926894,95.34704370179949,4.852419170710128,89.30591259640103,99.61439588688947,96.0,4.898979485566356,90.0,100.0,95.73333333333332,5.225578117937449,89.33333333333333,100.0,97.33333333333333,3.2659863237109064,93.33333333333333,100.0,96.0,4.898979485566356,90.0,100.0
/mnt/8tb_hdd/tushar/MSPF_Net/results/baselines/wdcnn/processed/d2/wdcnn_d2_cv5_summary.json,1779243016.3263037,wdcnn,D2,processed,,5,0.2,fine,,,crossval_summary,8192,"[4, 8192]",4,87.3827864459117,3.153713937795929,82.10749047820568,91.4945836154367,86.7981057065145,3.620020463605129,80.83345490251483,91.31268535630065,88.9704058287817,2.639822421359249,84.16858272938364,91.68058553612342,87.24433281057969,3.630884410400266,81.20668239725977,91.56551839423857,90.0,3.0618621784789726,87.5,93.75,89.52380952380953,3.46226827200054,86.28571428571428,94.28571428571428,91.66666666666666,2.7888667551135895,88.33333333333331,95.0,90.0,3.4960294939005068,86.66666666666666,95.0,87.10666069660735,6.712320025095557,77.31939163498099,94.16267942583733,86.72840677882607,6.959686509025712,76.83770792518526,94.23735160235411,89.59166550136115,4.9374142062634485,83.36019154396347,94.68822149399833,87.86747743294961,6.308334309762008,78.63068843431958,94.5357143490696,90.0,5.714285714285717,85.71428571428571,100.0,88.95238095238093,6.636393851784956,83.14285714285712,100.0,92.33333333333333,4.546060565661958,88.33333333333331,100.0,90.66666666666667,5.333333333333329,86.66666666666666,100.0
/mnt/8tb_hdd/tushar/MSPF_Net/results/baselines/wdcnn/processed/d4/wdcnn_d4_cv5_summary.json,1779243682.4832408,wdcnn,D4,processed,,5,0.2,fine,,,crossval_summary,2048,"[1, 2048]",1,32.6498440285205,3.9407473984331904,28.581773618538325,39.21011586452763,31.59783792845905,3.6180896696826896,27.303700426312837,37.28156770665688,36.09662677668898,3.3389083085864537,33.30594009969821,42.50546225602885,31.86433664374841,3.6845527175678967,27.98205930099312,37.974579036159916,40.41666666666667,5.368374469468801,35.41666666666667,47.91666666666667,40.8829463506237,5.890895902821426,36.09994172494172,51.07600732600732,50.36845446220447,8.031265583230768,41.39069264069264,61.42857142857143,39.598214285714285,5.41642137068864,32.738095238095234,47.99107142857142,36.223930481283425,3.123805070522063,30.858957219251337,40.294117647058826,34.62818827380072,3.3340412143806435,29.554375810333518,39.98688019065809,38.569526981518415,4.2696361762967046,32.026396100993054,45.484240542196616,34.91031639928699,3.1149060219154796,30.751448306595364,40.229500891265594,44.0,3.391164991562634,40.0,50.0,40.67491658668129,4.786571591792702,35.99567099567099,49.439865689865684,45.862463924963926,6.3005511226915765,38.29545454545455,56.91964285714286,42.5,4.289845892077915,37.5,49.99999999999999
/mnt/8tb_hdd/tushar/MSPF_Net/results/baselines/wdcnn/processed/d5/wdcnn_d5_cv5_summary.json,1779244091.4385514,wdcnn,D5,processed,,5,0.2,fine,,,crossval_summary,256,"[3, 256]",3,55.084437331436526,6.318578651798396,44.44385169378501,63.17536528259387,34.94443943368868,2.598015331560242,31.798010327828298,38.553208573859585,42.90729052995615,4.152184421247445,35.94867222357477,47.70635855990502,34.075931359473635,3.179257456027365,29.62923446252334,37.905219169556325,58.88888888888889,15.838693049960412,30.0,77.77777777777779,33.86666666666666,8.592388247889474,17.777777777777775,42.22222222222222,33.666666666666664,8.717797887081348,16.666666666666664,40.0,35.99999999999999,8.793937305515279,20.0,46.666666666666664,62.79541210989597,4.885068501707401,57.362852316173196,70.07379745709967,60.21224736180419,5.213388508728352,52.842356332896564,67.95123421071416,66.5230683481888,5.173125421531641,58.81789341582125,74.02153115188634,62.79541210989597,4.885068501707401,57.362852316173196,70.07379745709967,64.0,5.333333333333329,53.333333333333336,66.66666666666666,56.88888888888889,5.937950762616614,45.55555555555556,62.222222222222214,53.55555555555556,6.182412330330468,42.22222222222222,60.0,64.0,5.333333333333329,53.333333333333336,66.66666666666666
/mnt/8tb_hdd/tushar/MSPF_Net/results/baselines/wdcnn/processed/d8/wdcnn_d8_cv5_summary.json,1779244207.5810518,wdcnn,D8,processed,,5,0.2,fine,,,crossval_summary,8192,"[4, 8192]",4,93.83333333333334,7.0061701201930875,85.0,100.0,93.76557756159755,7.088075649546525,84.87281268349972,100.0,94.5903080400733,6.109203839637748,86.6305525460455,100.0,93.83333333333334,7.0061701201930875,85.0,100.0,94.66666666666667,6.5319726474218065,86.66666666666667,100.0,94.54208754208754,6.686332928717157,86.1111111111111,100.0,95.65079365079364,5.394584035035573,87.77777777777779,100.0,94.66666666666667,6.5319726474218065,86.66666666666667,100.0,97.98611111111111,3.2304731526702835,91.66666666666666,100.0,97.95942044971606,3.2822210848872206,91.53439153439153,100.0,98.33663366336633,2.5819973345028813,93.33333333333333,100.0,97.98611111111111,3.2304731526702835,91.66666666666666,100.0,98.33333333333333,3.3333333333333375,91.66666666666666,100.0,98.3068783068783,3.3862433862433874,91.53439153439153,100.0,98.66666666666666,2.6666666666666687,93.33333333333333,100.0,98.33333333333333,3.3333333333333375,91.66666666666666,100.0
/mnt/8tb_hdd/tushar/MSPF_Net/results/baselines/resnet1d/processed/d1/resnet1d_d1_cv5_summary.json,1779244588.6715446,resnet1d,D1,processed,,5,0.2,fine,,,crossval_summary,512,"[1, 512]",1,97.3650385604113,3.0354032791929266,91.55955441302484,99.74293059125964,97.04230566165295,3.4773737746762623,90.36614954326308,99.71329436455304,98.08131162287118,1.7784620012037096,94.88040027151897,99.69491084211896,96.8757497857755,3.6605359921373357,89.87146529562983,99.73436161096829,98.33333333333333,3.333333333333337,91.66666666666666,100.0,98.0952380952381,3.8095238095238066,90.47619047619048,100.0,99.0,2.0,95.0,100.0,98.0,4.0,90.0,100.0,95.41902313624679,4.687141672410718,89.66580976863753,99.5629820051414,95.1360117585048,5.031175414672942,88.91966389465878,99.56292983406222,96.74981143355294,3.0769742931841506,92.99891792962424,99.57232704402517,95.41902313624679,4.687141672410717,89.66580976863753,99.5629820051414,96.0,4.898979485566356,90.0,100.0,95.73333333333332,5.225578117937449,89.33333333333333,100.0,97.33333333333333,3.2659863237109064,93.33333333333333,100.0,96.0,4.898979485566356,90.0,100.0
/mnt/8tb_hdd/tushar/MSPF_Net/results/baselines/resnet1d/processed/d2/resnet1d_d2_cv5_summary.json,1779254940.9803445,resnet1d,D2,processed,,5,0.2,fine,,,crossval_summary,8192,"[4, 8192]",4,91.40961263501396,4.655145964422989,83.33474396953025,96.96174678402166,90.92749656177433,5.100402985295226,81.63568113194124,96.86907146428443,92.97888237875961,3.492993723571033,87.46263189370907,97.32347634412942,91.15208492717336,4.88185279526676,82.20134150383626,96.76162371769352,92.5,6.123724356957945,81.25,100.0,91.95555555555555,6.863007486234426,79.20634920634922,100.0,94.2,4.534313619501853,86.0,100.0,92.33333333333333,6.6332495807108,80.0,100.0,95.24428826838763,6.378133077774953,83.20342205323193,99.99037536092396,94.26281960092902,8.340298518869371,78.07790512428916,99.99093991041799,95.74272492786827,5.958646584988109,84.21801748698229,99.99091734786558,94.46406865183943,8.020019275013208,78.9285518454357,99.99096657633243,94.28571428571429,8.32993127835043,78.57142857142857,100.0,92.4952380952381,11.881562156314981,69.33333333333334,100.0,93.0,11.661903789690601,70.0,100.0,93.33333333333333,10.327955589886447,73.33333333333333,100.0
/mnt/8tb_hdd/tushar/MSPF_Net/results/baselines/resnet1d/processed/d4/resnet1d_d4_cv5_summary.json,1779275005.525298,resnet1d,D4,processed,,5,0.2,fine,,,crossval_summary,2048,"[1, 2048]",1,35.10973707664884,2.5809275438971686,32.27495543672014,39.20454545454545,34.02480774443369,3.7487846440974844,30.582517474750205,40.222208401066304,39.30162599766744,5.135426069573975,34.5586019806155,48.71358857267885,34.11217612044818,3.0370042840247637,31.243136459129104,37.89152024446142,44.583333333333336,5.527707983925666,37.5,52.083333333333336,42.59781812914747,7.640561289338261,33.997200117889776,54.0926597911892,52.08558802308802,7.53597757326919,42.5,62.9563492063492,42.455357142857146,6.162511240117983,34.523809523809526,52.00892857142857,37.44251336898395,5.773535996262613,28.88368983957219,46.51737967914438,36.52540376923432,5.265840906636215,29.03214109712492,44.382670058278876,40.771888932780435,4.6812501432771265,32.80476473079207,45.65345878581334,36.44496434937611,5.725519121122266,28.949420677361857,45.387700534759354,43.5,10.319883720275145,27.500000000000004,52.5,43.06104040886649,9.702507632442412,26.962412587412587,51.87937062937063,49.800536881419234,10.525356836331879,30.267857142857146,59.67757936507936,42.08333333333333,10.15504800579495,27.083333333333332,52.08333333333333
/mnt/8tb_hdd/tushar/MSPF_Net/results/baselines/resnet1d/processed/d5/resnet1d_d5_cv5_summary.json,1779276171.258675,resnet1d,D5,processed,,5,0.2,fine,,,crossval_summary,256,"[3, 256]",3,57.02676269227349,9.009135993905483,48.44551139563143,74.43051480394772,35.6893390714885,5.067518217676303,30.07857832218022,44.81559768654425,46.24727235323961,7.630358858439661,36.26433197363184,55.57363536543587,34.7536231884058,4.8970840362325925,29.067306837378855,43.584066862274376,58.0,16.38125999465077,44.44444444444444,90.0,33.77777777777778,10.076252487781899,24.444444444444443,53.333333333333336,33.333333333333336,10.327955589886445,23.333333333333332,53.333333333333336,35.33333333333333,9.333333333333336,26.666666666666668,53.333333333333336,67.06819596336801,9.203787556033506,55.10091579976882,79.87730061349694,63.33877215321512,8.76327587068339,52.500686703637776,75.94212773954635,73.03268412604999,7.704330492281591,60.612517289089794,82.92654114754274,67.06819596336803,9.203787556033506,55.10091579976882,79.87730061349694,67.99999999999999,9.797958971132712,53.333333333333336,80.0,60.311111111111096,10.781419774115042,43.77777777777778,73.33333333333331,57.0,10.83888746511751,40.55555555555556,70.0,67.99999999999999,9.797958971132712,53.333333333333336,80.0
/mnt/8tb_hdd/tushar/MSPF_Net/results/baselines/resnet1d/processed/d8/resnet1d_d8_cv5_summary.json,1779276579.4800622,resnet1d,D8,processed,,5,0.2,fine,,,crossval_summary,8192,"[4, 8192]",4,95.0,4.5845957857283945,87.77777777777777,100.0,94.97644521455436,4.609322350184706,87.72321428571429,100.0,95.30224478908808,4.380670755038734,88.15987933634992,100.0,95.0,4.5845957857283945,87.77777777777777,100.0,96.0,5.333333333333332,86.66666666666667,100.0,95.98653198653199,5.340131028275825,86.66666666666669,100.0,96.22222222222223,5.2399227211340405,86.66666666666667,100.0,96.0,5.333333333333332,86.66666666666667,100.0,96.66666666666666,4.082482904638635,91.66666666666666,100.0,96.61375661375662,4.147284220585277,91.53439153439153,100.0,97.33333333333333,3.2659863237109064,93.33333333333333,100.0,96.66666666666666,4.082482904638635,91.66666666666666,100.0,96.66666666666666,4.082482904638635,91.66666666666666,100.0,96.61375661375662,4.147284220585277,91.53439153439153,100.0,97.33333333333333,3.2659863237109064,93.33333333333333,100.0,96.66666666666666,4.082482904638635,91.66666666666666,100.0
/mnt/8tb_hdd/tushar/MSPF_Net/results/baselines/inception_time/processed/d1/inception_time_d1_cv5_summary.json,1779277002.189891,inception_time,D1,processed,,5,0.2,fine,,,crossval_summary,512,"[1, 512]",1,97.12510711225364,3.2130648243523345,91.60239931448157,99.93573264781492,96.5167935424199,4.084017198543396,89.26722871833604,99.9272011119154,97.59111015858142,2.591529327437858,93.23638908100887,99.92317541613316,96.57240788346186,3.86744576454376,89.9228791773779,99.93144815766924,98.33333333333333,3.333333333333337,91.66666666666666,100.0,97.86666666666666,4.266666666666668,89.33333333333333,100.0,98.66666666666666,2.6666666666666683,93.33333333333333,100.0,98.0,4.0,90.0,100.0,95.68123393316196,4.911842353604804,89.6401028277635,99.76863753213368,95.41576933012774,5.236912559713319,88.97414078887977,99.76875139760281,96.99615244099826,3.304436588521125,92.92496370088139,99.76991871115231,95.68123393316196,4.911842353604806,89.6401028277635,99.76863753213368,96.0,4.898979485566356,90.0,100.0,95.73333333333332,5.225578117937449,89.33333333333333,100.0,97.33333333333333,3.2659863237109064,93.33333333333333,100.0,96.0,4.898979485566356,90.0,100.0
/mnt/8tb_hdd/tushar/MSPF_Net/results/baselines/inception_time/processed/d2/inception_time_d2_cv5_summary.json,1779285864.0195487,inception_time,D2,processed,,5,0.2,fine,,,crossval_summary,8192,"[4, 8192]",4,92.9900853298581,5.558457945679011,85.21371138383411,99.87373737373737,93.16828644175607,5.363054139126235,85.87528544610868,99.86698863417732,94.42645145811231,4.668307992709409,88.31211470523286,99.86807387862797,92.91528072399461,5.436959851913659,85.53953257323874,99.86678507992896,92.5,7.2886898685566255,81.25,100.0,92.62539682539683,7.023063183376758,82.42857142857144,100.0,94.4,5.748043145279968,85.0,100.0,92.33333333333333,7.272474743090476,81.66666666666667,100.0,84.98149693612451,16.91893659579331,63.78248315688162,99.63902346347487,84.0167687112599,18.399414472259803,57.191879061440645,99.62259644455027,86.96076888048586,17.71556735346865,53.24777384418821,99.58626691060749,85.16618186257385,16.80773967386242,63.08706811977947,99.6610943517189,85.71428571428571,17.496355305594125,64.28571428571429,100.0,84.9015873015873,18.722609186066723,57.61904761904761,100.0,87.80952380952381,18.10425840335916,53.333333333333336,100.0,86.0,17.17879830230017,63.33333333333333,100.0
/mnt/8tb_hdd/tushar/MSPF_Net/results/baselines/inception_time/processed/d4/inception_time_d4_cv5_summary.json,1779301278.3291538,inception_time,D4,processed,,5,0.2,fine,,,crossval_summary,2048,"[1, 2048]",1,37.19808377896614,3.9452861174911873,32.506127450980394,42.91722370766489,37.23890357322691,4.253953666009663,33.3793596853589,43.684818342593104,44.187073382886545,5.230724768922896,38.00545850377826,53.71398890284931,36.70305338044308,4.392674658582153,30.924528902470076,41.72197288006112,44.16666666666667,7.26483157256779,31.25,52.083333333333336,44.29742085256792,7.650989555181272,31.86202686202686,54.674804362304364,56.44427191166322,9.238502152252678,39.6875,64.79166666666667,42.8125,7.6583574833252355,29.166666666666664,52.00892857142857,38.5581550802139,4.021234259080018,32.476604278074866,43.69986631016043,37.58285250334619,4.057795831156284,32.27305631303011,42.841447267193224,42.909273187757506,5.000122485086162,35.20853885021439,48.98954162577709,37.0983734402852,4.4800509798082935,31.442179144385022,43.000779857397504,48.5,7.176350047203663,35.0,55.00000000000001,46.82266073298682,6.83364442800522,34.72222222222222,52.528409090909086,53.95529878618113,8.52808114507211,39.285714285714285,63.50665266106442,46.25,7.383352144445566,33.33333333333333,54.16666666666667
/mnt/8tb_hdd/tushar/MSPF_Net/results/baselines/inception_time/processed/d5/inception_time_d5_cv5_summary.json,1779302804.4493988,inception_time,D5,processed,,5,0.2,fine,,,crossval_summary,256,"[3, 256]",3,64.38997065884236,12.112412114975928,50.92913665866453,82.21125633502268,40.62296369494425,6.41205958794935,32.97995604867612,51.456428510240734,49.977422906109695,4.922976740162376,43.73861307242698,58.02400658113197,39.314483862363296,6.5599280917615586,30.557481995198728,48.61474170890015,68.66666666666666,13.11675961188774,55.55555555555556,90.0,40.44444444444444,7.083278866892992,33.33333333333333,53.333333333333336,39.99999999999999,6.9920589878010135,33.33333333333333,53.333333333333336,41.99999999999999,7.180219742846007,33.33333333333333,53.333333333333336,73.61820930025785,4.104938898374019,67.76562638925935,79.51631546190096,71.06117440746108,3.9910645996054575,64.40024334644743,76.25279481713201,77.3366504421547,4.7123472427086375,70.7054763224955,82.45313614107405,73.61820930025786,4.10493889837402,67.76562638925935,79.51631546190097,77.33333333333333,6.798692684790384,66.66666666666666,86.66666666666667,71.77777777777777,7.489910909490093,60.0,82.22222222222221,69.11111111111111,7.806296920111242,56.666666666666664,80.0,77.33333333333333,6.798692684790384,66.66666666666666,86.66666666666667
/mnt/8tb_hdd/tushar/MSPF_Net/results/baselines/inception_time/processed/d8/inception_time_d8_cv5_summary.json,1779303127.0361767,inception_time,D8,processed,,5,0.2,fine,,,crossval_summary,8192,"[4, 8192]",4,94.83333333333333,7.555555555555555,80.55555555555556,100.0,94.87490796014502,7.456756391773931,80.8226482971594,100.0,96.47159857686174,4.843782566204212,87.71929824561404,100.0,94.83333333333334,7.55555555555556,80.55555555555554,100.0,94.66666666666666,7.774602526460401,80.0,100.0,94.7073297073297,7.6750517393487,80.27065527065527,100.0,96.38888888888889,4.937885787397548,87.5,100.0,94.66666666666666,7.774602526460401,80.0,100.0,100.0,0.0,100.0,100.0,100.0,0.0,100.0,100.0,100.0,0.0,100.0,100.0,100.0,0.0,100.0,100.0,100.0,0.0,100.0,100.0,100.0,0.0,100.0,100.0,100.0,0.0,100.0,100.0,100.0,0.0,100.0,100.0
/mnt/8tb_hdd/tushar/MSPF_Net/results/baselines/convnext1d/processed/d1/convnext1d_d1_cv5_summary.json,1779303328.6172829,convnext1d,D1,processed,,5,0.2,fine,,,crossval_summary,512,"[1, 512]",1,96.12682090831191,3.8666758045720924,91.21679520137104,99.61439588688947,95.43107945298189,4.632793488200482,89.6380299746896,99.62239029906158,96.94294187050697,2.798222116689693,93.30981906166528,99.65855320909436,95.40531276778063,4.681849312706254,89.4687232219366,99.58868894601542,96.66666666666666,4.082482904638635,91.66666666666666,100.0,96.19047619047619,4.665694748158431,90.47619047619048,100.0,98.0,2.449489742783178,95.0,100.0,96.0,4.898979485566356,90.0,100.0,95.69151670951156,5.0058906227467395,89.46015424164524,99.94858611825192,95.42609968137991,5.330537069826085,88.8037977172452,99.94858603331004,96.99406296966436,3.413930915978831,92.7139014620268,99.94871794871794,95.69151670951157,5.005890622746736,89.46015424164526,99.94858611825192,96.0,4.898979485566356,90.0,100.0,95.73333333333332,5.225578117937449,89.33333333333333,100.0,97.33333333333333,3.2659863237109064,93.33333333333333,100.0,96.0,4.898979485566356,90.0,100.0
/mnt/8tb_hdd/tushar/MSPF_Net/results/baselines/convnext1d/processed/d2/convnext1d_d2_cv5_summary.json,1779306193.8496187,convnext1d,D2,processed,,5,0.2,fine,,,crossval_summary,8192,"[4, 8192]",4,82.56760985995383,9.87641870964277,70.90061594806059,98.74579124579125,83.35564587067108,9.321966597171231,72.20900107640131,98.69778775492757,86.09247000262806,7.231321149244705,79.47816925176129,98.7401590730283,83.30133778588437,9.471886230514814,72.63028195119443,98.70473449089106,86.25,9.185586535436919,75.0,100.0,86.83809523809524,8.881002170165555,75.99999999999999,100.0,89.33333333333333,6.879922480183433,83.33333333333333,100.0,87.0,8.906926143924926,76.66666666666666,100.0,83.12379315661582,6.627595881275435,71.53992395437263,89.56017858839176,81.54200879061446,10.335501712007515,62.148371437111884,90.5702252688141,84.28059484308596,9.833960039950092,65.58294693786195,93.27509529099429,82.81253735533866,8.621713264477977,66.66863993711448,90.21029837626742,82.85714285714285,7.2843135908468355,71.42857142857143,92.85714285714286,81.22857142857143,10.662175925431578,61.999999999999986,93.14285714285715,84.2,11.285388783732708,64.0,95.0,82.66666666666666,9.043106644167025,66.66666666666666,93.33333333333333
/mnt/8tb_hdd/tushar/MSPF_Net/results/baselines/convnext1d/processed/d4/convnext1d_d4_cv5_summary.json,1779308310.4573846,convnext1d,D4,processed,,5,0.2,fine,,,crossval_summary,2048,"[1, 2048]",1,34.065285204991085,3.9798384232112403,27.35071301247772,38.321635472370765,33.93097085035314,4.474455670489202,26.896076947516924,39.74465879835033,39.96757031412937,4.780433650330828,35.02807185255062,48.576720364939476,33.949699197860966,3.1205973442137007,29.19431977336389,37.49423064680418,42.08333333333333,7.144345083117603,31.25,52.083333333333336,42.71973484816734,7.4603484797292845,32.32142857142858,54.57397674788979,52.98264235764236,8.220174670727182,38.4672619047619,64.0625,42.00892857142858,7.4410118854775815,29.166666666666664,51.78571428571429,36.725267379679146,2.8994228797375814,31.44050802139037,39.97326203208556,36.15020517614632,2.843022914806471,31.49467133367856,39.851474280228125,40.24910543083181,3.137257961566007,36.23944843789154,43.545646327883304,36.63602941176471,3.595244791396789,30.383801247771835,40.92023172905526,45.0,3.5355339059327378,40.0,50.0,44.955687286569635,3.416804821916739,39.896304675716436,49.97863247863247,51.51911976911977,4.545976265038222,46.80555555555556,59.46969696969696,44.99999999999999,4.289845892077916,37.5,50.0
/mnt/8tb_hdd/tushar/MSPF_Net/results/baselines/convnext1d/processed/d5/convnext1d_d5_cv5_summary.json,1779308868.693988,convnext1d,D5,processed,,5,0.2,fine,,,crossval_summary,256,"[3, 256]",3,69.11857976942,11.138638721849885,56.62043211523072,84.02240597492666,42.05704060730508,6.786669464697409,31.50282220956203,51.094712243843766,49.15070030816595,7.236041065473081,40.470037712503455,57.95567089785993,42.2137458877923,5.70088953894289,34.58344447408198,49.894194007290835,75.33333333333333,13.229223169899747,60.0,90.0,44.00000000000001,8.362172320989682,31.111111111111107,53.333333333333336,43.33333333333333,8.692269873603532,30.0,53.333333333333336,46.0,6.798692684790382,36.666666666666664,53.333333333333336,66.95723303992176,2.8389886340696036,62.48599626567084,69.99733262203253,63.72159707224463,3.372243039171898,57.72107187212555,67.1981753599694,69.39542645300688,5.700660993239983,62.56434957695905,78.44421058426072,66.95723303992176,2.838988634069601,62.48599626567085,69.99733262203254,71.99999999999999,7.774602526460402,60.0,80.0,65.33333333333333,7.1111111111111045,55.55555555555555,73.33333333333331,62.0,6.863753427324666,53.333333333333336,70.0,71.99999999999999,7.774602526460402,60.0,80.0
/mnt/8tb_hdd/tushar/MSPF_Net/results/baselines/convnext1d/processed/d8/convnext1d_d8_cv5_summary.json,1779309074.2361367,convnext1d,D8,processed,,5,0.2,fine,,,crossval_summary,8192,"[4, 8192]",4,82.61111111111111,12.989311845599142,58.88888888888889,93.88888888888889,82.26369546540026,13.518234898434127,57.2285764293161,93.83710343861615,87.02249949539791,9.09515542545161,69.56716265275861,94.8356807511737,82.61111111111111,12.98931184559914,58.88888888888889,93.88888888888887,82.66666666666666,15.549205052920799,53.333333333333336,93.33333333333333,82.16135716135715,16.498069490725925,50.738150738150736,93.26599326599326,87.77777777777779,10.22131638498562,68.05555555555554,94.44444444444446,82.66666666666666,15.549205052920799,53.333333333333336,93.33333333333333,84.72222222222223,11.746174186716766,65.27777777777779,100.0,83.75655482398979,13.078184964417018,61.388963340182855,100.0,88.61576601351679,9.13956733902726,72.65071079388753,100.0,84.72222222222221,11.74617418671677,65.27777777777779,100.0,86.66666666666667,8.498365855987972,75.0,100.0,86.29100529100529,8.85386777046024,73.88888888888889,100.0,90.33333333333333,6.359594676112975,80.55555555555554,100.0,86.66666666666667,8.498365855987972,75.0,100.0
/mnt/8tb_hdd/tushar/MSPF_Net/results/baselines/lstnet/processed/d1/lstnet_d1_cv5_summary.json,1779309399.560889,lstnet,D1,processed,,5,0.2,fine,,,crossval_summary,512,"[1, 512]",1,96.34961439588689,3.1865663231027512,91.10968294772923,99.89288774635818,95.88495222804616,3.7212601367241573,89.87851315865679,99.88429924875236,97.21979882084952,2.1778436851923715,94.39273215737404,99.88031260976467,95.66923736075408,3.847926718862066,89.3401885175664,99.88860325621252,96.66666666666666,4.082482904638635,91.66666666666666,100.0,95.96190476190476,4.958823648083194,89.33333333333333,100.0,97.66666666666666,2.905932629027117,93.33333333333333,100.0,96.0,4.898979485566356,90.0,100.0,95.08483290488432,5.120869080224108,88.68894601542416,99.5629820051414,94.82060777228997,5.442220660458713,88.04830420865018,99.56271170219033,96.41114758800333,3.509837876078578,91.94438894438895,99.5646392794835,95.08483290488432,5.120869080224106,88.68894601542416,99.5629820051414,96.0,4.898979485566356,90.0,100.0,95.73333333333332,5.225578117937449,89.33333333333333,100.0,97.33333333333333,3.2659863237109064,93.33333333333333,100.0,96.0,4.898979485566356,90.0,100.0
/mnt/8tb_hdd/tushar/MSPF_Net/results/baselines/lstnet/processed/d2/lstnet_d2_cv5_summary.json,1779313190.2405229,lstnet,D2,processed,,5,0.2,fine,,,crossval_summary,8192,"[4, 8192]",4,95.34831239086807,4.4367621036982055,87.65115123405664,99.9074074074074,95.37305977940323,4.413281676470659,87.67738103870161,99.90180601786005,95.63109450949142,4.245095702535915,88.05817498013384,99.90308370044053,95.4988504895946,4.126982740576545,88.57299338407867,99.90093719764907,96.25,5.0,87.5,100.0,96.27936507936508,4.955570808269946,87.61904761904763,100.0,96.86666666666666,4.539211874813128,88.33333333333331,100.0,96.33333333333333,4.76095228569524,88.33333333333331,100.0,95.85836999996329,3.047057092387149,91.00483091787439,99.43953643013204,95.78691290386408,3.2861056474197676,90.29152644216548,99.47310286151551,96.35799644726208,2.6428133600725103,92.05007680472296,99.48017621145375,96.09712455486223,2.8580379398074607,91.59439310127618,99.479512077567,97.14285714285715,3.4992710611188236,92.85714285714286,100.0,97.02857142857144,3.657142857142855,92.0,100.0,97.66666666666666,2.9059326290271175,93.33333333333333,100.0,97.33333333333333,3.2659863237109064,93.33333333333333,100.0
/mnt/8tb_hdd/tushar/MSPF_Net/results/baselines/lstnet/processed/d4/lstnet_d4_cv5_summary.json,1779316991.46188,lstnet,D4,processed,,5,0.2,fine,,,crossval_summary,2048,"[1, 2048]",1,27.037655971479502,4.779703455712166,18.387923351158644,30.695744206773618,26.353487949779918,5.003893513316851,17.36940512761162,31.03355005427152,30.424753876748543,5.957629574606387,20.87623909998279,38.738949292915756,27.36814043799338,3.905414359455613,21.18625859434683,30.659138655462186,33.75,9.071475440448848,20.833333333333336,43.75,33.6601245976246,8.990777773348698,20.67030192030192,45.647061272061265,41.54308632543926,10.944694761181093,26.5530303030303,53.833333333333336,33.125,8.834750119020509,21.875,44.86607142857143,28.56149732620321,2.697861790675238,24.010695187165776,32.11898395721925,28.49138198746441,2.5015743034133817,23.710782050625145,30.75936759290039,32.94126516326291,2.439891954468972,28.47678706102305,35.864476335950755,28.86697860962567,2.5754389199219405,24.03631907308378,31.684491978609625,36.0,3.391164991562634,32.5,40.0,36.85980174795965,4.345691305384018,30.491452991452995,41.75856307435255,44.48291985791985,6.495495590064552,34.226190476190474,50.44191919191919,36.666666666666664,4.289845892077917,31.25,41.666666666666664
/mnt/8tb_hdd/tushar/MSPF_Net/results/baselines/lstnet/processed/d5/lstnet_d5_cv5_summary.json,1779317663.9714532,lstnet,D5,processed,,5,0.2,fine,,,crossval_summary,256,"[3, 256]",3,59.18348596662813,8.332908435908635,49.51186983195519,73.53694318484929,35.80212438827738,5.360401278947169,31.779564196961502,45.83080692048791,46.471842218332384,6.388438483853541,38.08906344443644,54.491125993872735,36.104561216324356,4.124457965266497,31.68311549746599,43.412465546367926,62.444444444444436,10.337514088544895,50.0,80.0,34.88888888888889,5.777777777777781,27.777777777777775,44.44444444444445,33.77777777777777,6.028737762778017,25.555555555555554,43.333333333333336,37.99999999999999,4.98887651569859,33.33333333333333,46.666666666666664,64.75646839157108,8.079980895998222,54.91953409798168,79.11443051480394,61.601832312870535,9.37829980613194,49.283295097024435,77.27823034181563,68.82746424166996,8.010253575800329,58.07381847264181,81.03184755644163,64.75646839157108,8.079980895998228,54.91953409798168,79.11443051480396,69.33333333333333,11.623730516108465,53.333333333333336,86.66666666666667,62.44444444444444,12.754084313139323,45.55555555555556,82.22222222222221,59.33333333333333,13.17685962699875,42.22222222222222,80.0,69.33333333333333,11.623730516108465,53.333333333333336,86.66666666666667
/mnt/8tb_hdd/tushar/MSPF_Net/results/baselines/lstnet/processed/d8/lstnet_d8_cv5_summary.json,1779317896.2035487,lstnet,D8,processed,,5,0.2,fine,,,crossval_summary,8192,"[4, 8192]",4,92.44444444444446,8.218467611212153,76.66666666666667,99.72222222222223,92.53006243234411,8.022387593966279,77.17365300743127,99.72221739960764,94.1278750722522,5.660981155042673,83.53764157228514,99.7245179063361,92.44444444444446,8.218467611212159,76.66666666666666,99.72222222222223,93.33333333333333,7.302967433402215,80.0,100.0,93.36052836052835,7.204551597148537,80.27065527065527,100.0,95.27777777777779,4.614791034954486,87.5,100.0,93.33333333333333,7.302967433402215,80.0,100.0,95.97222222222221,3.578916312979203,91.66666666666666,100.0,95.92217364619783,3.6314275799247926,91.53439153439153,100.0,96.68298807281857,2.8903767093972865,93.33333333333333,100.0,95.97222222222221,3.578916312979203,91.66666666666666,100.0,94.99999999999997,4.082482904638635,91.66666666666666,100.0,94.92063492063492,4.147284220585277,91.53439153439153,100.0,95.99999999999999,3.2659863237109064,93.33333333333333,100.0,94.99999999999997,4.082482904638635,91.66666666666666,100.0
/mnt/8tb_hdd/tushar/MSPF_Net/results/baselines/se_cnn1d/processed/d1/se_cnn1d_d1_cv5_summary.json,1779318195.6696959,se_cnn1d,D1,processed,,5,0.2,fine,,,crossval_summary,512,"[1, 512]",1,96.21679520137103,3.6810877230294907,91.2382176520994,100.0,95.44608784202298,4.60542932038057,88.94732835527209,100.0,96.9835505554033,2.9012332457792387,92.99857849281835,100.0,95.49443016281063,4.403129978912427,89.57155098543274,100.0,96.66666666666666,4.082482904638635,91.66666666666666,100.0,95.96190476190476,4.958823648083194,89.33333333333333,100.0,97.66666666666666,2.905932629027117,93.33333333333333,100.0,96.0,4.898979485566356,90.0,100.0,96.86889460154241,3.985998585034883,89.76863753213368,99.97429305912597,96.7246768597067,4.229495182748072,89.10196618295831,99.97429304850824,97.6925300797565,2.7474857008213367,93.103571340058,99.97432605905006,96.86889460154241,3.9859985850348796,89.76863753213368,99.97429305912597,98.0,4.0,90.0,100.0,97.86666666666666,4.266666666666668,89.33333333333333,100.0,98.66666666666666,2.6666666666666683,93.33333333333333,100.0,98.0,4.0,90.0,100.0
/mnt/8tb_hdd/tushar/MSPF_Net/results/baselines/se_cnn1d/processed/d2/se_cnn1d_d2_cv5_summary.json,1779325696.443259,se_cnn1d,D2,processed,,5,0.2,fine,,,crossval_summary,8192,"[4, 8192]",4,92.66845668080698,4.1135909050449815,87.7031144211239,98.49342433827202,92.46994208270499,4.10879878854463,87.22782522832397,98.56044337867206,93.94581820793408,3.450367084295352,88.70181014691573,98.85515519966594,92.47925305965578,4.130710086650779,86.98085608497166,98.36642599277978,92.5,4.677071733467427,87.5,100.0,92.26984126984125,4.624406426197703,86.92063492063491,100.0,94.6,3.1368774282716276,90.99999999999999,100.0,92.33333333333333,4.666666666666667,86.66666666666666,100.0,96.12057007986506,2.7966285518479634,92.33878729547642,99.65802222855514,95.96728625294473,2.9283646572395035,91.75732591277385,99.67587609402064,96.62571813998461,2.5358261118629706,92.78008753296334,99.68151221882752,96.04812976165502,2.687335228687778,92.7910787495457,99.6714145388,97.14285714285715,3.4992710611188236,92.85714285714286,100.0,97.25714285714287,3.359300218674068,93.14285714285715,100.0,98.0,2.449489742783178,95.0,100.0,97.33333333333333,3.2659863237109064,93.33333333333333,100.0
/mnt/8tb_hdd/tushar/MSPF_Net/results/baselines/se_cnn1d/processed/d4/se_cnn1d_d4_cv5_summary.json,1779333801.6061094,se_cnn1d,D4,processed,,5,0.2,fine,,,crossval_summary,2048,"[1, 2048]",1,32.68883689839572,3.8260017803173425,26.71011586452763,37.0376559714795,32.7567171512771,3.4479331885067253,27.091959797780007,36.162063721181504,39.42436822887864,4.19487599223037,32.3944089895454,45.217709385458974,32.236479819200405,4.622459411402452,25.192577030812323,38.297065985485105,40.416666666666664,6.263873490988714,33.33333333333333,52.083333333333336,41.45966533466533,6.453574793666919,34.788510101010104,53.21386946386946,55.03121847958804,7.814731725884437,47.39583333333333,69.07738095238095,39.82142857142857,7.317949473415684,30.952380952380953,52.67857142857143,35.30347593582887,2.7959851625597865,30.932486631016044,39.69919786096256,34.980646479650716,2.0612518901859063,32.21310644153846,38.40847870225195,39.623213382610814,2.108112123636571,37.155396545998784,42.087641452536246,35.286319073083774,3.0921036230781094,30.974264705882355,39.973262032085564,43.5,6.041522986797286,35.0,50.0,44.70533998165577,5.821889902422071,36.596250971250974,52.5,53.35554029304029,7.645070014467342,46.711309523809526,67.36111111111111,43.75,6.31906287004296,33.33333333333333,49.99999999999999
/mnt/8tb_hdd/tushar/MSPF_Net/results/baselines/se_cnn1d/processed/d5/se_cnn1d_d5_cv5_summary.json,1779334956.8434548,se_cnn1d,D5,processed,,5,0.2,fine,,,crossval_summary,256,"[3, 256]",3,61.03654307815418,7.800639012131703,53.13950386769805,70.37432204143327,37.43287043618206,4.412633353187206,30.680444956537055,42.027498252515464,44.24395632904803,3.0400089588029635,40.68398617728645,49.665060310252976,37.41940072908331,4.141855272014526,32.31706232773183,42.44153996621321,68.88888888888889,14.555131461166946,50.0,88.88888888888889,40.44444444444444,8.821970329457429,28.888888888888886,51.11111111111112,40.0,8.432740427115679,30.0,50.0,42.0,8.844332774281067,30.0,53.333333333333336,67.28905485907353,8.392116149820957,58.49204232239708,79.72614919534098,64.5742238667437,9.429145711133133,54.88469875141958,79.50013226242558,70.50667402358252,7.888046779737982,59.68082097619688,81.63991032651057,67.28905485907354,8.392116149820957,58.492042322397076,79.72614919534098,73.33333333333333,11.155467020454346,60.0,86.66666666666667,67.77777777777777,13.806421837341393,53.333333333333336,86.66666666666667,65.11111111111111,15.13070624937707,50.0,86.66666666666667,73.33333333333333,11.155467020454346,60.0,86.66666666666667
/mnt/8tb_hdd/tushar/MSPF_Net/results/baselines/se_cnn1d/processed/d8/se_cnn1d_d8_cv5_summary.json,1779335163.8673558,se_cnn1d,D8,processed,,5,0.2,fine,,,crossval_summary,8192,"[4, 8192]",4,93.05555555555556,5.671022291188819,86.66666666666667,100.0,93.00492988942835,5.719478100456232,86.1111111111111,100.0,94.81269841269842,3.987665537934295,90.47619047619048,100.0,93.05555555555556,5.671022291188819,86.66666666666667,100.0,93.33333333333334,5.9628479399994365,86.66666666666667,100.0,93.28282828282826,6.011397685244934,86.1111111111111,100.0,95.07936507936509,4.270991760975778,90.47619047619048,100.0,93.33333333333334,5.9628479399994365,86.66666666666667,100.0,98.33333333333333,3.333333333333337,91.66666666666666,100.0,98.3068783068783,3.386243386243387,91.53439153439153,100.0,98.66666666666666,2.6666666666666683,93.33333333333333,100.0,98.33333333333333,3.333333333333337,91.66666666666666,100.0,98.33333333333333,3.333333333333337,91.66666666666666,100.0,98.3068783068783,3.386243386243387,91.53439153439153,100.0,98.66666666666666,2.6666666666666683,93.33333333333333,100.0,98.33333333333333,3.333333333333337,91.66666666666666,100.0
/mnt/8tb_hdd/tushar/MSPF_Net/results/baselines/rf_features/processed/d1/rf_features_d1_cv5_summary.json,1779335176.529721,rf_features,D1,processed,,5,0.2,fine,,,crossval_summary,512,"[1, 512]",1,90.24850042844902,5.590601332939384,81.51242502142246,98.0719794344473,89.6051659647384,5.849528037430101,81.84000406743411,98.01369286160165,90.97532275013998,5.19897926851085,83.3886330350418,97.97885173686325,89.54413024850044,5.606833560062119,81.93658954584404,98.06341045415596,95.0,6.666666666666664,83.33333333333334,100.0,94.4952380952381,7.020384960147278,83.14285714285715,100.0,95.66666666666666,5.92546294487706,85.0,100.0,94.66666666666666,6.863753427324668,83.33333333333333,100.0,91.89717223650385,3.5361913208001114,86.86375321336762,96.50385604113112,91.81690944408717,3.6008875222605874,86.61825166427039,96.48876969438062,92.80638880975663,2.7977664239272415,89.05374737358486,96.53625325854142,91.89717223650385,3.53619132080011,86.86375321336762,96.5038560411311,96.0,4.898979485566356,90.0,100.0,95.73333333333332,5.225578117937449,89.33333333333333,100.0,97.33333333333333,3.2659863237109064,93.33333333333333,100.0,96.0,4.898979485566356,90.0,100.0
/mnt/8tb_hdd/tushar/MSPF_Net/results/baselines/rf_features/processed/d2/rf_features_d2_cv5_summary.json,1779335743.8904154,rf_features,D2,processed,,5,0.2,fine,,,crossval_summary,8192,"[4, 8192]",4,61.96936681965811,6.36590791084124,53.72065923089728,71.22895622895624,60.944393599297975,7.234080851468998,50.93987048821498,70.71813331256925,64.8142888169281,7.260549290582192,52.77272931480198,74.39978649323731,61.87715481232482,6.439611817825003,52.0790803420484,70.92612572602842,62.5,6.846531968814577,50.0,68.75,61.40952380952382,7.192437449334194,47.42857142857144,67.8095238095238,67.18095238095238,8.967889302882414,50.0,74.0,62.33333333333333,7.423685817106696,48.33333333333333,68.33333333333333,72.71799179719062,11.823846455798174,57.347908745247146,85.59808612440192,72.24928827477243,12.733991292929678,56.52467927260558,86.01236499925398,76.4507990500994,12.163857904488383,60.42890924080926,87.36191438813476,73.61354483825076,12.129195749026836,57.69895405609849,86.45928319833958,71.42857142857142,11.952286093343936,57.14285714285714,85.71428571428571,69.58095238095238,14.955759399944387,48.0,86.47619047619047,74.06666666666666,16.858100591571862,46.666666666666664,88.33333333333331,71.99999999999999,12.927146286443541,53.333333333333336,86.66666666666666
/mnt/8tb_hdd/tushar/MSPF_Net/results/baselines/rf_features/processed/d4/rf_features_d4_cv5_summary.json,1779335913.443481,rf_features,D4,processed,,5,0.2,fine,,,crossval_summary,2048,"[1, 2048]",1,31.493983957219257,3.9565970007924514,25.941399286987522,37.179701426024955,29.518615394187556,4.383289505652699,22.767217198525415,36.177589456337195,30.40773701013786,4.513285090541926,23.69938525232998,37.46803700611272,29.97469442322383,4.298565272165107,23.212694168576522,35.70911319073083,42.5,10.913167378090664,25.0,58.333333333333336,40.35557549605537,9.280771653916673,24.007936507936506,52.158705587498154,45.00459956709957,8.515394168810328,29.740259740259738,53.89880952380952,40.714285714285715,9.834654694744124,23.809523809523807,53.645833333333336,33.72794117647059,2.2747775039925666,30.982620320855613,36.774732620320854,32.13769659593786,2.453775325454509,29.168859166280626,36.53372610064814,33.238590095460935,2.94945016765751,30.206309534271035,38.42082425842419,31.895610516934045,2.1504332357840275,28.782308377896616,35.45844474153298,45.5,6.403124237432851,37.5,55.00000000000001,42.45133338883339,8.162272771325126,36.13365800865801,58.49702380952381,44.91765873015873,12.280569442577296,37.46031746031746,69.375,42.916666666666664,5.833333333333333,37.5,54.166666666666664
/mnt/8tb_hdd/tushar/MSPF_Net/results/baselines/rf_features/processed/d5/rf_features_d5_cv5_summary.json,1779336023.648784,rf_features,D5,processed,,5,0.2,fine,,,crossval_summary,256,"[3, 256]",3,14.526481135710261,9.626773054857576,2.8620965590824223,29.365164043745,9.217567864388815,4.539675170227277,2.6314614097045457,14.641554073638401,18.49826440248402,5.883454638799364,8.680703159062158,26.737528696264274,8.155952698497376,5.261849947563881,1.8902818529385614,15.687738952609584,16.666666666666664,16.865480854231357,0.0,40.0,7.511111111111111,7.9435042178662725,0.0,17.777777777777775,6.888888888888888,7.214525813665744,0.0,16.666666666666664,8.666666666666668,9.333333333333334,0.0,20.0,18.27651818262648,5.611870962515621,13.575175602382858,29.31270561038499,16.778883875479302,6.351922451602823,11.88058059869217,29.214830949710013,22.375849268484775,6.065974077093881,16.30257781357445,33.783763231378536,18.27651818262648,5.611870962515619,13.575175602382858,29.312705610384988,18.666666666666664,11.469767022723502,6.666666666666667,40.0,13.999999999999996,11.474071683044965,3.3333333333333335,35.55555555555555,12.0,11.27435635019184,2.222222222222222,33.33333333333333,18.666666666666664,11.469767022723502,6.666666666666667,40.0
/mnt/8tb_hdd/tushar/MSPF_Net/results/baselines/rf_features/processed/d8/rf_features_d8_cv5_summary.json,1779336050.9656036,rf_features,D8,processed,,5,0.2,fine,,,crossval_summary,8192,"[4, 8192]",4,95.66666666666667,3.1308895119123012,92.77777777777779,100.0,95.63583667206899,3.1555500918704302,92.71657679109181,100.0,96.16502756078101,2.7567788941590665,93.3788007956806,100.0,95.66666666666666,3.1308895119123084,92.77777777777777,100.0,95.99999999999999,3.2659863237109064,93.33333333333333,100.0,95.95959595959594,3.298976084556472,93.26599326599326,100.0,96.66666666666667,2.7216552697590806,94.44444444444446,100.0,95.99999999999999,3.2659863237109064,93.33333333333333,100.0,95.97222222222221,4.18744817546704,87.84722222222221,99.30555555555556,95.88590233299867,4.34942778487842,87.42950138892786,99.3054801953337,96.7208473918154,2.9489285851182343,91.09414758269719,99.31972789115648,95.97222222222221,4.187448175467037,87.84722222222221,99.30555555555554,96.66666666666667,6.666666666666663,83.33333333333334,100.0,96.44444444444444,7.111111111111108,82.22222222222223,100.0,97.77777777777779,4.4444444444444455,88.88888888888889,100.0,96.66666666666667,6.666666666666663,83.33333333333334,100.0
/mnt/8tb_hdd/tushar/MSPF_Net/results/baselines/mspf_net/processed/d1/mspf_net_d1_softmax_cv5_summary.json,1779337010.8465497,mspf_net,D1,processed,,5,0.2,fine,,softmax,crossval_summary,512,"[1, 512]",1,97.1165381319623,3.1808581164572614,91.6452442159383,99.93573264781492,96.48551186878151,4.069184913309702,89.30905607188478,99.92287889069843,97.54566526583041,2.5734885260192573,93.2820512820513,99.92317541613316,96.58269065981148,3.8472465643631995,89.97429305912597,99.9228791773779,98.33333333333333,3.333333333333337,91.66666666666666,100.0,97.86666666666666,4.266666666666668,89.33333333333333,100.0,98.66666666666666,2.6666666666666683,93.33333333333333,100.0,98.0,4.0,90.0,100.0,98.6478149100257,2.486359586682967,93.67609254498714,99.9228791773779,98.62559587862992,2.530763579931082,93.56504881309853,99.92287911371245,98.8996165281058,1.9834524559271496,94.93394825884144,99.92301100784393,98.64781491002573,2.486359586682963,93.67609254498716,99.9228791773779,98.0,4.0,90.0,100.0,97.86666666666666,4.266666666666668,89.33333333333333,100.0,98.66666666666666,2.6666666666666683,93.33333333333333,100.0,98.0,4.0,90.0,100.0
/mnt/8tb_hdd/tushar/MSPF_Net/results/baselines/mspf_net/processed/d2/mspf_net_d2_softmax_cv5_summary.json,1779359888.4070778,mspf_net,D2,processed,,5,0.2,fine,,softmax,crossval_summary,8192,"[4, 8192]",4,87.23146477422897,7.639179456745653,73.939906898011,96.42255892255892,87.02530446380658,8.044877803858927,72.67005242167403,96.2372047136968,90.10711259656573,4.879458350451624,83.66385229493373,96.77436668731015,87.52121976377123,6.953052840545425,75.56642909097275,96.18044913046057,87.5,8.838834764831844,75.0,100.0,87.45079365079364,9.184767259406932,73.8095238095238,100.0,90.26666666666667,6.7442156285549215,82.0,100.0,88.0,8.259674462242575,76.66666666666667,100.0,91.79196946008348,6.320282130012893,81.37832699619771,99.89412897016362,91.60486226158135,6.85680111138802,79.70217328901484,99.88942039082721,92.30704887997817,6.669299372374878,80.43076763166648,99.87851506260137,91.61811314932925,6.963134903563599,79.33612934051102,99.90072003596224,94.28571428571429,5.345224838248489,85.71428571428571,100.0,93.92380952380952,6.1191198809889205,83.33333333333333,100.0,94.66666666666666,6.091888960832357,83.33333333333333,100.0,93.99999999999999,6.110100926607789,83.33333333333333,100.0
/mnt/8tb_hdd/tushar/MSPF_Net/results/baselines/mspf_net/processed/d4/mspf_net_d4_softmax_cv5_summary.json,1779433405.068717,mspf_net,D4,processed,,5,0.2,fine,,softmax,crossval_summary,2048,"[1, 2048]",1,34.52874331550803,2.781625038833436,30.979835115864528,39.43293226381462,33.40457933799321,2.3313190061193056,31.09355927290091,37.505426773702816,36.36220573893327,2.3327928629155292,33.51960701363764,39.617369710924976,33.35109896231219,2.821077431470987,29.642936720142604,38.1588999236058,40.833333333333336,5.034602488997738,35.41666666666667,47.91666666666667,39.06096109772581,4.64418583722449,30.68986568986569,43.32315560256737,44.18055555555556,6.327995323744666,32.638888888888886,51.95436507936508,39.28571428571429,3.74426763302381,34.15178571428572,43.45238095238095,38.10093582887701,3.4586587281617645,34.05080213903744,42.780748663101605,37.19113301248537,3.751115463767481,32.74838986870805,43.24122768886961,42.10885552375892,4.574172317770898,35.98714808203687,49.78116142020661,36.51905080213904,3.854249710690301,32.419786096256686,42.44652406417112,43.5,4.898979485566356,37.5,52.5,42.70784659003968,5.7058564366912154,36.94347319347319,53.57638888888889,48.81545496986673,8.277412571381616,35.982142857142854,61.7361111111111,42.08333333333333,5.0,39.58333333333333,52.08333333333333
/mnt/8tb_hdd/tushar/MSPF_Net/results/baselines/mspf_net/processed/d5/mspf_net_d5_softmax_cv5_summary.json,1779441449.7911932,mspf_net,D5,processed,,5,0.2,fine,,softmax,crossval_summary,256,"[3, 256]",3,44.18606443199667,6.6835124055138095,32.41753356450609,52.493998399573215,28.594326124566486,4.763682637068707,20.192666638190854,33.87224359446185,37.98452561246304,5.017763187033401,30.356441277385848,45.821182661975044,27.434515870898906,4.148349748700198,19.45052013870366,31.248332888770342,50.0,15.202339001321839,33.33333333333333,70.0,29.066666666666663,7.654773383683904,20.0,38.666666666666664,28.22222222222222,7.456871882472232,20.0,37.777777777777786,30.666666666666668,8.0,20.0,40.0,56.31083844580777,8.477230832091841,48.468035920689964,67.25348981950742,54.14769952514695,9.028445717884832,43.251993435340964,66.14605168305945,59.75998678620474,11.471063548937728,42.74825380488228,76.45119274919222,56.31083844580777,8.47723083209184,48.468035920689964,67.25348981950742,61.33333333333333,9.797958971132708,53.333333333333336,73.33333333333333,55.55555555555554,10.327955589886441,44.44444444444445,71.1111111111111,52.666666666666664,10.832051206181282,40.0,70.0,61.33333333333333,9.797958971132708,53.333333333333336,73.33333333333333
/mnt/8tb_hdd/tushar/MSPF_Net/results/baselines/mspf_net/processed/d8/mspf_net_d8_softmax_cv5_summary.json,1779442632.4433517,mspf_net,D8,processed,,5,0.2,fine,,softmax,crossval_summary,8192,"[4, 8192]",4,90.11111111111111,2.8899570674755437,86.66666666666667,93.61111111111111,89.82930966297042,3.088012374663789,86.1111111111111,93.55189150356574,92.49030856625794,1.7463315006972435,90.47619047619048,94.63869463869464,90.11111111111111,2.8899570674755473,86.66666666666667,93.61111111111113,89.33333333333334,3.2659863237108993,86.66666666666667,93.33333333333333,88.97306397306396,3.5051620898412503,86.1111111111111,93.26599326599326,92.06349206349208,1.944039478399351,90.47619047619048,94.44444444444446,89.33333333333334,3.2659863237108993,86.66666666666667,93.33333333333333,91.80555555555554,5.277777777777775,83.33333333333334,100.0,91.51009770471015,5.637478709696705,82.22222222222223,100.0,93.86817325800375,3.5488461705242274,88.88888888888889,100.0,91.80555555555554,5.277777777777775,83.33333333333334,100.0,91.66666666666666,5.270462766947296,83.33333333333334,100.0,91.36507936507937,5.625650023563562,82.22222222222223,100.0,93.77777777777776,3.555555555555557,88.88888888888889,100.0,91.66666666666666,5.270462766947296,83.33333333333334,100.0
