filename,file_path,file_size_mb,channel,channel_idx,raw_name,fault,coarse_fault,fault_label,condition,split,n_channels_catalog,n_channels_loaded,original_length,sampled_length,sampled_for_stats,length,missing_count,finite_count,mean,std,min,max,median,rms,peak_to_peak,skewness,kurtosis,max_abs,crest_factor
BF_1200.csv,data/raw/dataset_5/Bearing Dataset/BF_1200.csv,17.645,Channel_1,0,BF_1200,BRG_BF,BRG_SINGLE,Bearing_Ball,1200rpm,,3,3,480000,480000,False,480000,0,480000,0.03150373588430604,0.2691913991979184,-2.8109,2.8347,0.030319,0.2710285866413379,5.6456,0.08531177378529609,7.15439739646223,2.8347,10.459044321222333
BF_1200.csv,data/raw/dataset_5/Bearing Dataset/BF_1200.csv,17.645,Channel_2,1,BF_1200,BRG_BF,BRG_SINGLE,Bearing_Ball,1200rpm,,3,3,480000,480000,False,480000,0,480000,-0.0013201516426562913,0.16825054001099493,-1.8206,1.7303,-0.0016606,0.1682557191133514,3.5509,0.08452939363829415,8.042713996982439,1.8206,10.820434571816774
BF_1200.csv,data/raw/dataset_5/Bearing Dataset/BF_1200.csv,17.645,Channel_3,2,BF_1200,BRG_BF,BRG_SINGLE,Bearing_Ball,1200rpm,,3,3,480000,480000,False,480000,0,480000,0.006557495567970625,0.24006210009690745,-2.5277,2.4868,0.0070973,0.2401516451142102,5.0145,-0.010926135214159399,7.515544206029723,2.5277,10.525432789760353
BF_1800.csv,data/raw/dataset_5/Bearing Dataset/BF_1800.csv,17.421,Channel_1,0,BF_1800,BRG_BF,BRG_SINGLE,Bearing_Ball,1800rpm,,3,3,480000,480000,False,480000,0,480000,0.030671959584819844,0.36898681799617444,-3.5271,4.7706,0.028824000000000002,0.37025942386347815,8.297699999999999,0.26760907008616064,7.442822568261141,4.7706,12.884479617618087
BF_1800.csv,data/raw/dataset_5/Bearing Dataset/BF_1800.csv,17.421,Channel_2,1,BF_1800,BRG_BF,BRG_SINGLE,Bearing_Ball,1800rpm,,3,3,480000,480000,False,480000,0,480000,-0.003962896543629917,0.27610810925677864,-3.1485,3.2515,-0.00469665,0.2761365469226569,6.4,-0.03622488556891243,11.271995181558895,3.2515,11.774971608197568
BF_1800.csv,data/raw/dataset_5/Bearing Dataset/BF_1800.csv,17.421,Channel_3,2,BF_1800,BRG_BF,BRG_SINGLE,Bearing_Ball,1800rpm,,3,3,480000,480000,False,480000,0,480000,0.0003496421324649175,0.30322206219305686,-2.4171,2.432,0.000831515,0.3032222637773006,4.8491,-0.12818135051976437,3.006881416499712,2.432,8.020519237948058
BF_200-2400-200.csv,data/raw/dataset_5/Bearing Dataset/BF_200-2400-200.csv,17.714,Channel_1,0,BF_200-2400-200,BRG_BF,BRG_SINGLE,Bearing_Ball,200-2400-200,,3,3,480000,480000,False,480000,0,480000,0.019973607469981294,0.28817738476302696,-3.8283,4.2159,0.0174945,0.28886874196462065,8.0442,0.2188965274903499,9.237012883288008,4.2159,14.594517812233022
BF_200-2400-200.csv,data/raw/dataset_5/Bearing Dataset/BF_200-2400-200.csv,17.714,Channel_2,1,BF_200-2400-200,BRG_BF,BRG_SINGLE,Bearing_Ball,200-2400-200,,3,3,480000,480000,False,480000,0,480000,-0.003242929345479333,0.22644055700140536,-4.2137,4.1381,-0.0034200000000000003,0.22646377733722997,8.3518,0.06538723565562343,21.502382554159304,4.2137,18.60650762583249
BF_200-2400-200.csv,data/raw/dataset_5/Bearing Dataset/BF_200-2400-200.csv,17.714,Channel_3,2,BF_200-2400-200,BRG_BF,BRG_SINGLE,Bearing_Ball,200-2400-200,,3,3,480000,480000,False,480000,0,480000,0.004840369901798541,0.2341062363512747,-2.7336,2.0275,0.0039507,0.2341562706385313,4.7611,-0.041390229191784325,4.491961970661195,2.7336,11.674254943271956
BF_2400.csv,data/raw/dataset_5/Bearing Dataset/BF_2400.csv,17.285,Channel_1,0,BF_2400,BRG_BF,BRG_SINGLE,Bearing_Ball,2400rpm,,3,3,480000,480000,False,480000,0,480000,0.027346703029264646,0.4702138978197545,-4.2468,4.6498,0.026534,0.4710084413993207,8.8966,0.04051175933586188,4.590590737679528,4.6498,9.872009907478287
BF_2400.csv,data/raw/dataset_5/Bearing Dataset/BF_2400.csv,17.285,Channel_2,1,BF_2400,BRG_BF,BRG_SINGLE,Bearing_Ball,2400rpm,,3,3,480000,480000,False,480000,0,480000,-0.003918427218058875,0.39197998499337516,-4.119,3.9169,-0.0048282,0.39199956977944483,8.0359,0.02356014324734697,7.342584576801791,4.119,10.507664593401262
BF_2400.csv,data/raw/dataset_5/Bearing Dataset/BF_2400.csv,17.285,Channel_3,2,BF_2400,BRG_BF,BRG_SINGLE,Bearing_Ball,2400rpm,,3,3,480000,480000,False,480000,0,480000,-0.0005935419998689584,0.38593382752076205,-2.9212,2.7874,0.00042387,0.3859342839356605,5.7086,-0.07862578041019481,1.4839899898330247,2.9212,7.569164289345686
CF_1200.csv,data/raw/dataset_5/Bearing Dataset/CF_1200.csv,17.885,Channel_1,0,CF_1200,BRG_CF,BRG_COMBINED,Bearing_Combined,1200rpm,,3,3,480000,480000,False,480000,0,480000,0.028643990104978832,0.16868989832995804,-0.8897,0.99017,0.027103000000000002,0.17110452936058032,1.87987,0.04859877165656355,0.3353538594032992,0.99017,5.786930385187798
CF_1200.csv,data/raw/dataset_5/Bearing Dataset/CF_1200.csv,17.885,Channel_2,1,CF_1200,BRG_CF,BRG_COMBINED,Bearing_Combined,1200rpm,,3,3,480000,480000,False,480000,0,480000,0.0032516056446696665,0.10135493944903434,-0.53066,0.61354,0.0028617,0.10140708402269473,1.1442,0.017573071316827327,0.1652017871955116,0.61354,6.0502676505587205
CF_1200.csv,data/raw/dataset_5/Bearing Dataset/CF_1200.csv,17.885,Channel_3,2,CF_1200,BRG_CF,BRG_COMBINED,Bearing_Combined,1200rpm,,3,3,480000,480000,False,480000,0,480000,0.004572745603348063,0.09426514213251415,-0.59311,0.56551,0.00485125,0.09437598753716982,1.15862,-0.016263937433230184,0.2880082269491382,0.59311,6.284543510248353
CF_1800.csv,data/raw/dataset_5/Bearing Dataset/CF_1800.csv,17.622,Channel_1,0,CF_1800,BRG_CF,BRG_COMBINED,Bearing_Combined,1800rpm,,3,3,480000,480000,False,480000,0,480000,0.032563878907102085,0.2577005649746569,-1.5948,1.8476,0.031405,0.2597498554335185,3.4424,0.024949979394565145,0.2718200364308432,1.8476,7.11299722156297
CF_1800.csv,data/raw/dataset_5/Bearing Dataset/CF_1800.csv,17.622,Channel_2,1,CF_1800,BRG_CF,BRG_COMBINED,Bearing_Combined,1800rpm,,3,3,480000,480000,False,480000,0,480000,-0.003211067727051917,0.1667957305484526,-1.0911,1.0331,-0.0035364999999999997,0.16682663661759686,2.1242,0.012071475105812765,0.2868140955554255,1.0911,6.54032246961281
CF_1800.csv,data/raw/dataset_5/Bearing Dataset/CF_1800.csv,17.622,Channel_3,2,CF_1800,BRG_CF,BRG_COMBINED,Bearing_Combined,1800rpm,,3,3,480000,480000,False,480000,0,480000,0.0006062557791770211,0.13843634966984883,-0.83328,0.77198,0.0012799999999999999,0.13843767715467648,1.60526,-0.0236458543711565,0.31883953646774543,0.83328,6.019170627003341
CF_200-2400-200.csv,data/raw/dataset_5/Bearing Dataset/CF_200-2400-200.csv,17.78,Channel_1,0,CF_200-2400-200,BRG_CF,BRG_COMBINED,Bearing_Combined,200-2400-200,,3,3,480000,480000,False,480000,0,480000,0.0183050509972745,0.2642049365996496,-2.1376,2.079,0.0162935,0.26483829673149184,4.2166,0.013351420701393788,2.1696630887851143,2.1376,8.071340234328801
CF_200-2400-200.csv,data/raw/dataset_5/Bearing Dataset/CF_200-2400-200.csv,17.78,Channel_2,1,CF_200-2400-200,BRG_CF,BRG_COMBINED,Bearing_Combined,200-2400-200,,3,3,480000,480000,False,480000,0,480000,-0.00345296645925025,0.16067997071327683,-1.2088,1.4203,-0.0047855,0.160717068059955,2.6291,0.01138876942032953,2.4497630230481926,1.4203,8.837269228120572
CF_200-2400-200.csv,data/raw/dataset_5/Bearing Dataset/CF_200-2400-200.csv,17.78,Channel_3,2,CF_200-2400-200,BRG_CF,BRG_COMBINED,Bearing_Combined,200-2400-200,,3,3,480000,480000,False,480000,0,480000,0.0018980239212728334,0.13740714992316075,-0.9871,1.0088,0.00073463,0.1374202581310765,1.9958999999999998,0.01318098204515677,2.106360741606025,1.0088,7.340984609691021
CF_2400.csv,data/raw/dataset_5/Bearing Dataset/CF_2400.csv,17.426,Channel_1,0,CF_2400,BRG_CF,BRG_COMBINED,Bearing_Combined,2400rpm,,3,3,480000,480000,False,480000,0,480000,0.02746015448884068,0.38943026884090925,-2.3346,2.6993,0.027377,0.3903972263913433,5.0339,-0.0026809738533297915,0.507754943792567,2.6993,6.914239696196404
CF_2400.csv,data/raw/dataset_5/Bearing Dataset/CF_2400.csv,17.426,Channel_2,1,CF_2400,BRG_CF,BRG_COMBINED,Bearing_Combined,2400rpm,,3,3,480000,480000,False,480000,0,480000,-0.0036277725393147075,0.24386282902845102,-1.7397,1.731,-0.0033467,0.24388981142179053,3.4707,-0.016326070705458273,0.501873510957509,1.7397,7.133139305238584
CF_2400.csv,data/raw/dataset_5/Bearing Dataset/CF_2400.csv,17.426,Channel_3,2,CF_2400,BRG_CF,BRG_COMBINED,Bearing_Combined,2400rpm,,3,3,480000,480000,False,480000,0,480000,0.001556593322696084,0.20369798592602634,-1.232,1.1308,0.0018709999999999998,0.20370393332749345,2.3628,-0.012184988413132753,0.2786087012972418,1.232,6.047993182435618
IF+OF_1200.csv,data/raw/dataset_5/Bearing Dataset/IF+OF_1200.csv,17.929,Channel_1,0,IF+OF_1200,BRG_IO,BRG_COMBINED,Bearing_Inner_Outer,1200rpm,,3,3,480000,480000,False,480000,0,480000,0.020177111192809224,0.26152202660339996,-2.1678,2.5431,0.0193605,0.2622992302978345,4.7109000000000005,0.5629419881284706,12.131707555666377,2.5431,9.695415412055807
IF+OF_1200.csv,data/raw/dataset_5/Bearing Dataset/IF+OF_1200.csv,17.929,Channel_2,1,IF+OF_1200,BRG_IO,BRG_COMBINED,Bearing_Inner_Outer,1200rpm,,3,3,480000,480000,False,480000,0,480000,-0.003545134639066668,0.12409392945482182,-1.4491,1.5087,-0.0036056,0.12414455810524842,2.9577999999999998,-0.0266015238288422,11.10669973000836,1.5087,12.152767894352165
IF+OF_1200.csv,data/raw/dataset_5/Bearing Dataset/IF+OF_1200.csv,17.929,Channel_3,2,IF+OF_1200,BRG_IO,BRG_COMBINED,Bearing_Inner_Outer,1200rpm,,3,3,480000,480000,False,480000,0,480000,0.003051373413493834,0.15984558960454334,-1.5998,1.6646,0.0033176,0.1598747115579342,3.2644,0.14826053396593883,8.683776721744092,1.6646,10.41190306946571
IF+OF_1800.csv,data/raw/dataset_5/Bearing Dataset/IF+OF_1800.csv,17.526,Channel_1,0,IF+OF_1800,BRG_IO,BRG_COMBINED,Bearing_Inner_Outer,1800rpm,,3,3,480000,480000,False,480000,0,480000,0.02771380762244879,0.47213488324086517,-3.4295,5.1965,0.024788,0.47294756908752533,8.626000000000001,1.1778002258363114,11.915071570151158,5.1965,10.987475863393893
IF+OF_1800.csv,data/raw/dataset_5/Bearing Dataset/IF+OF_1800.csv,17.526,Channel_2,1,IF+OF_1800,BRG_IO,BRG_COMBINED,Bearing_Inner_Outer,1800rpm,,3,3,480000,480000,False,480000,0,480000,-0.0050840048240792905,0.21734531319042766,-1.8227,2.0544,-0.0062057,0.21740476598017888,3.8770999999999995,0.2068338206256792,5.992963885796257,2.0544,9.44965484421488
IF+OF_1800.csv,data/raw/dataset_5/Bearing Dataset/IF+OF_1800.csv,17.526,Channel_3,2,IF+OF_1800,BRG_IO,BRG_COMBINED,Bearing_Inner_Outer,1800rpm,,3,3,480000,480000,False,480000,0,480000,0.001276772801889792,0.41867232230522866,-4.466,4.3515,0.0018514999999999998,0.4186742691081467,8.817499999999999,-0.09952507271987113,19.348290988844937,4.466,10.667003753331684
IF+OF_200-2400-200.csv,data/raw/dataset_5/Bearing Dataset/IF+OF_200-2400-200.csv,17.706,Channel_1,0,IF+OF_200-2400-200,BRG_IO,BRG_COMBINED,Bearing_Inner_Outer,200-2400-200,,3,3,480000,480000,False,480000,0,480000,0.02030938734343948,0.45490177959065276,-5.1192,6.5942,0.021543,0.45535491683851254,11.7134,0.8201308068865113,16.498361677306736,6.5942,14.481451184897544
IF+OF_200-2400-200.csv,data/raw/dataset_5/Bearing Dataset/IF+OF_200-2400-200.csv,17.706,Channel_2,1,IF+OF_200-2400-200,BRG_IO,BRG_COMBINED,Bearing_Inner_Outer,200-2400-200,,3,3,480000,480000,False,480000,0,480000,-0.0025953736134137926,0.2032054137509615,-4.108,3.1983,-0.0024435999999999998,0.20322198734854618,7.3063,0.13335049163052784,21.757061889802305,4.108,20.21434813032492
IF+OF_200-2400-200.csv,data/raw/dataset_5/Bearing Dataset/IF+OF_200-2400-200.csv,17.706,Channel_3,2,IF+OF_200-2400-200,BRG_IO,BRG_COMBINED,Bearing_Inner_Outer,200-2400-200,,3,3,480000,480000,False,480000,0,480000,0.0020370772477326456,0.38297095910591006,-6.7935,6.4758,0.0044284,0.38297637682005115,13.2693,-0.33858334515509786,44.957115994186864,6.7935,17.73869202170675
IF+OF_2400.csv,data/raw/dataset_5/Bearing Dataset/IF+OF_2400.csv,17.307,Channel_1,0,IF+OF_2400,BRG_IO,BRG_COMBINED,Bearing_Inner_Outer,2400rpm,,3,3,480000,480000,False,480000,0,480000,0.026472959996793544,0.7011182131615805,-5.7697,7.4562,0.021802500000000002,0.7016178207812849,13.2259,0.5655474098642744,10.004029612757634,7.4562,10.627153101238457
IF+OF_2400.csv,data/raw/dataset_5/Bearing Dataset/IF+OF_2400.csv,17.307,Channel_2,1,IF+OF_2400,BRG_IO,BRG_COMBINED,Bearing_Inner_Outer,2400rpm,,3,3,480000,480000,False,480000,0,480000,-0.004782231232178541,0.3071465217676486,-4.3802,4.3859,-0.0070854,0.3071837488695042,8.766100000000002,0.17933374814542916,15.021108401857397,4.3859,14.277773535028995
IF+OF_2400.csv,data/raw/dataset_5/Bearing Dataset/IF+OF_2400.csv,17.307,Channel_3,2,IF+OF_2400,BRG_IO,BRG_COMBINED,Bearing_Inner_Outer,2400rpm,,3,3,480000,480000,False,480000,0,480000,0.000695152464894854,0.6402986598082322,-7.0993,7.2905,0.00468735,0.6402990371608936,14.389800000000001,-0.11098862534562356,19.613229182403106,7.2905,11.38608615175545
IF_1200.csv,data/raw/dataset_5/Bearing Dataset/IF_1200.csv,18.155,Channel_1,0,IF_1200,BRG_IR,BRG_SINGLE,Bearing_Inner_Race,1200rpm,,3,3,480000,480000,False,480000,0,480000,0.031195779974324357,0.12323078147543888,-1.4002,1.7468,0.03039,0.1271180639848398,3.147,0.767160265137069,16.994779186113504,1.7468,13.741556040440678
IF_1200.csv,data/raw/dataset_5/Bearing Dataset/IF_1200.csv,18.155,Channel_2,1,IF_1200,BRG_IR,BRG_SINGLE,Bearing_Inner_Race,1200rpm,,3,3,480000,480000,False,480000,0,480000,0.0038995912936045443,0.09062672354621885,-1.3558,1.2274,0.0034694,0.09071058280586634,2.5831999999999997,-0.30197875423750387,20.657852651032385,1.3558,14.946436877178998
IF_1200.csv,data/raw/dataset_5/Bearing Dataset/IF_1200.csv,18.155,Channel_3,2,IF_1200,BRG_IR,BRG_SINGLE,Bearing_Inner_Race,1200rpm,,3,3,480000,480000,False,480000,0,480000,0.0031802646076712075,0.11628271215917367,-1.1878,1.3271,0.0028648,0.11632619322434672,2.5149,0.25804548747225164,19.904327302480223,1.3271,11.408436597255054
IF_1800.csv,data/raw/dataset_5/Bearing Dataset/IF_1800.csv,17.762,Channel_1,0,IF_1800,BRG_IR,BRG_SINGLE,Bearing_Inner_Race,1800rpm,,3,3,480000,480000,False,480000,0,480000,0.030200540075475138,0.45269149398094416,-5.7718,6.1631,0.029575,0.4536977643140305,11.934899999999999,0.2808835840913339,36.037732344306455,6.1631,13.584153338992786
IF_1800.csv,data/raw/dataset_5/Bearing Dataset/IF_1800.csv,17.762,Channel_2,1,IF_1800,BRG_IR,BRG_SINGLE,Bearing_Inner_Race,1800rpm,,3,3,480000,480000,False,480000,0,480000,0.0005412909807711665,0.20501924152800993,-3.2994,3.3294,-0.00024522,0.20501995608390503,6.6288,0.1434141001749578,33.67716348109376,3.3294,16.239394757442213
IF_1800.csv,data/raw/dataset_5/Bearing Dataset/IF_1800.csv,17.762,Channel_3,2,IF_1800,BRG_IR,BRG_SINGLE,Bearing_Inner_Race,1800rpm,,3,3,480000,480000,False,480000,0,480000,0.004013140830005062,0.28238456634434456,-2.9579,3.1802,0.0041371,0.2824130815114713,6.1381,0.06944209942748433,25.419118285150702,3.1802,11.260809814402396
IF_200-2400-200.csv,data/raw/dataset_5/Bearing Dataset/IF_200-2400-200.csv,17.981,Channel_1,0,IF_200-2400-200,BRG_IR,BRG_SINGLE,Bearing_Inner_Race,200-2400-200,,3,3,480000,480000,False,480000,0,480000,0.022544189766879462,0.2989722608345864,-4.7574,5.295,0.031206499999999998,0.29982103535407423,10.052399999999999,0.1367288435348306,41.90601019450463,5.295,17.660535371532085
IF_200-2400-200.csv,data/raw/dataset_5/Bearing Dataset/IF_200-2400-200.csv,17.981,Channel_2,1,IF_200-2400-200,BRG_IR,BRG_SINGLE,Bearing_Inner_Race,200-2400-200,,3,3,480000,480000,False,480000,0,480000,-0.0015599696661015416,0.223465765921683,-5.4334,5.9061,0.00034326,0.22347121077293958,11.339500000000001,0.1761250491005072,92.74423026786012,5.9061,26.42890768601491
IF_200-2400-200.csv,data/raw/dataset_5/Bearing Dataset/IF_200-2400-200.csv,17.981,Channel_3,2,IF_200-2400-200,BRG_IR,BRG_SINGLE,Bearing_Inner_Race,200-2400-200,,3,3,480000,480000,False,480000,0,480000,0.0060781107449617705,0.18926862358756344,-2.9416,3.1723,0.013086500000000001,0.1893661936697224,6.1139,-0.070959356745123,39.549976670708894,3.1723,16.75219815387363
IF_2400.csv,data/raw/dataset_5/Bearing Dataset/IF_2400.csv,17.514,Channel_1,0,IF_2400,BRG_IR,BRG_SINGLE,Bearing_Inner_Race,2400rpm,,3,3,480000,480000,False,480000,0,480000,0.027109077575724373,0.45897732148865467,-5.061,5.7168,0.0262955,0.4597772109706032,10.7778,0.11755599168788844,12.08555326132185,5.7168,12.433848097715995
IF_2400.csv,data/raw/dataset_5/Bearing Dataset/IF_2400.csv,17.514,Channel_2,1,IF_2400,BRG_IR,BRG_SINGLE,Bearing_Inner_Race,2400rpm,,3,3,480000,480000,False,480000,0,480000,-0.0014737098900782085,0.4352555527110393,-6.4265,6.3592,-0.0037557,0.4352580475839963,12.7857,0.16794272914353003,36.054504027522576,6.4265,14.764804546801196
IF_2400.csv,data/raw/dataset_5/Bearing Dataset/IF_2400.csv,17.514,Channel_3,2,IF_2400,BRG_IR,BRG_SINGLE,Bearing_Inner_Race,2400rpm,,3,3,480000,480000,False,480000,0,480000,0.0008642829510105001,0.24489406272804704,-2.748,2.9553,0.0014829,0.24489558784197815,5.7033000000000005,0.06618676790964186,18.621292900718746,2.9553,12.067591850233509
OF_1200.csv,data/raw/dataset_5/Bearing Dataset/OF_1200.csv,17.734,Channel_1,0,OF_1200,BRG_OR,BRG_SINGLE,Bearing_Outer_Race,1200rpm,,3,3,480000,480000,False,480000,0,480000,0.028765150260601766,0.16920756053193303,-0.91194,0.98516,0.02814,0.17163517241720236,1.8971,0.004134503432012127,0.30903272206132026,0.98516,5.739849158687133
OF_1200.csv,data/raw/dataset_5/Bearing Dataset/OF_1200.csv,17.734,Channel_2,1,OF_1200,BRG_OR,BRG_SINGLE,Bearing_Outer_Race,1200rpm,,3,3,480000,480000,False,480000,0,480000,-0.0015831171181613338,0.08981162546587038,-0.57178,0.57362,-0.0018545,0.0898255772518696,1.1454,0.02400819434765479,0.24066048505556825,0.57362,6.38593168615636
OF_1200.csv,data/raw/dataset_5/Bearing Dataset/OF_1200.csv,17.734,Channel_3,2,OF_1200,BRG_OR,BRG_SINGLE,Bearing_Outer_Race,1200rpm,,3,3,480000,480000,False,480000,0,480000,0.004502622110069021,0.22537868429521715,-1.2556,1.1611,0.0046569,0.22542365656804803,2.4167,0.0009370054488699875,0.19751311619610856,1.2556,5.569956672320128
OF_1800.csv,data/raw/dataset_5/Bearing Dataset/OF_1800.csv,17.447,Channel_1,0,OF_1800,BRG_OR,BRG_SINGLE,Bearing_Outer_Race,1800rpm,,3,3,480000,480000,False,480000,0,480000,0.03245822812091279,0.26273973818803914,-1.5948,2.0092,0.032333,0.26473705180021284,3.604,0.020353777208165905,0.3672634247403619,2.0092,7.589417447755927
OF_1800.csv,data/raw/dataset_5/Bearing Dataset/OF_1800.csv,17.447,Channel_2,1,OF_1800,BRG_OR,BRG_SINGLE,Bearing_Outer_Race,1800rpm,,3,3,480000,480000,False,480000,0,480000,-0.003136974709764375,0.15259361977547334,-0.9947,0.8634,-0.0036104,0.1526258608706645,1.8580999999999999,0.017079483921814114,0.12705816818391735,0.9947,6.517244157219929
OF_1800.csv,data/raw/dataset_5/Bearing Dataset/OF_1800.csv,17.447,Channel_3,2,OF_1800,BRG_OR,BRG_SINGLE,Bearing_Outer_Race,1800rpm,,3,3,480000,480000,False,480000,0,480000,0.0028956485159137495,0.413939058278891,-2.2176,2.3318,0.00258885,0.4139491861921496,4.5494,0.00032422127805171286,0.1980981036082201,2.3318,5.633058543851346
OF_200-2400-200.csv,data/raw/dataset_5/Bearing Dataset/OF_200-2400-200.csv,17.694,Channel_1,0,OF_200-2400-200,BRG_OR,BRG_SINGLE,Bearing_Outer_Race,200-2400-200,,3,3,480000,480000,False,480000,0,480000,0.02635859129977822,0.23914855428126672,-2.3692,2.1865,0.0353025,0.24059677127951803,4.5557,-0.03222038445016646,2.6265201352981373,2.3692,9.847181187845349
OF_200-2400-200.csv,data/raw/dataset_5/Bearing Dataset/OF_200-2400-200.csv,17.694,Channel_2,1,OF_200-2400-200,BRG_OR,BRG_SINGLE,Bearing_Outer_Race,200-2400-200,,3,3,480000,480000,False,480000,0,480000,-0.002930444396455292,0.13473598921694444,-1.2413,1.0915,-0.008532,0.13476785334281052,2.3327999999999998,0.08215314260763239,2.890551818873023,1.2413,9.21065349941051
OF_200-2400-200.csv,data/raw/dataset_5/Bearing Dataset/OF_200-2400-200.csv,17.694,Channel_3,2,OF_200-2400-200,BRG_OR,BRG_SINGLE,Bearing_Outer_Race,200-2400-200,,3,3,480000,480000,False,480000,0,480000,0.004228638825193751,0.4049722560472388,-3.6069,3.2551,-0.0027934,0.40499433274344004,6.862,0.0181155327436759,4.3788619227873715,3.6069,8.906050550304702
OF_2400.csv,data/raw/dataset_5/Bearing Dataset/OF_2400.csv,17.253,Channel_1,0,OF_2400,BRG_OR,BRG_SINGLE,Bearing_Outer_Race,2400rpm,,3,3,480000,480000,False,480000,0,480000,0.02970648837325296,0.3687940422853328,-2.2693,2.7175,0.029484999999999997,0.36998854181802177,4.9868,-0.001716278323022416,0.5017260744638512,2.7175,7.3448220494801095
OF_2400.csv,data/raw/dataset_5/Bearing Dataset/OF_2400.csv,17.253,Channel_2,1,OF_2400,BRG_OR,BRG_SINGLE,Bearing_Outer_Race,2400rpm,,3,3,480000,480000,False,480000,0,480000,-0.0019624469005707916,0.21483747625075578,-1.2748,1.2283,-0.0028706,0.21484643911322243,2.5031,0.02739203872081768,0.33060253011927454,1.2748,5.93354027770593
OF_2400.csv,data/raw/dataset_5/Bearing Dataset/OF_2400.csv,17.253,Channel_3,2,OF_2400,BRG_OR,BRG_SINGLE,Bearing_Outer_Race,2400rpm,,3,3,480000,480000,False,480000,0,480000,0.0025798711393158346,0.6847274325418599,-3.8517,3.7702,0.00129095,0.6847322926593011,7.6219,0.010832323426258813,0.3895959936107132,3.8517,5.625118080879634
gear tooth break_1200.csv,data/raw/dataset_5/Parallel Gearbox Dataset/gear tooth break_1200.csv,18.097,Channel_1,0,gear tooth break_1200,GBX_BT,GBX_TOOTH_DAMAGE,Gear_Broken_Tooth,1200rpm,,3,3,480000,480000,False,480000,0,480000,0.023149973626320514,0.07675536381387564,-0.79082,0.69046,0.023564500000000002,0.08017048804329276,1.48128,-0.16698745144345745,4.605361324399443,0.79082,9.86422833765151
gear tooth break_1200.csv,data/raw/dataset_5/Parallel Gearbox Dataset/gear tooth break_1200.csv,18.097,Channel_2,1,gear tooth break_1200,GBX_BT,GBX_TOOTH_DAMAGE,Gear_Broken_Tooth,1200rpm,,3,3,480000,480000,False,480000,0,480000,-0.002458248488950708,0.10858777869367821,-0.8393,0.95885,-0.0024526,0.1086156004782953,1.7981500000000001,-0.01231320708704048,3.235708559206362,0.95885,8.82792154881662
gear tooth break_1200.csv,data/raw/dataset_5/Parallel Gearbox Dataset/gear tooth break_1200.csv,18.097,Channel_3,2,gear tooth break_1200,GBX_BT,GBX_TOOTH_DAMAGE,Gear_Broken_Tooth,1200rpm,,3,3,480000,480000,False,480000,0,480000,0.003495535197783417,0.12058545038963743,-1.0833,1.0703,0.003908,0.12063610409819547,2.1536,-0.1787863349983434,8.809546663549806,1.0833,8.979898746715282
gear tooth break_1800.csv,data/raw/dataset_5/Parallel Gearbox Dataset/gear tooth break_1800.csv,17.653,Channel_1,0,gear tooth break_1800,GBX_BT,GBX_TOOTH_DAMAGE,Gear_Broken_Tooth,1800rpm,,3,3,480000,480000,False,480000,0,480000,0.025221636423118587,0.13197854424838953,-1.0593,1.1193,0.0255925,0.13436691216882263,2.1786,-0.017393662236249167,0.8296319056047698,1.1193,8.330175799483118
gear tooth break_1800.csv,data/raw/dataset_5/Parallel Gearbox Dataset/gear tooth break_1800.csv,17.653,Channel_2,1,gear tooth break_1800,GBX_BT,GBX_TOOTH_DAMAGE,Gear_Broken_Tooth,1800rpm,,3,3,480000,480000,False,480000,0,480000,-0.0023932753716799987,0.19822111348793925,-1.8109,1.8448,-0.0024712,0.19823556088503186,3.6557,0.021864844218254773,1.2712367942136868,1.8448,9.306100236323921
gear tooth break_1800.csv,data/raw/dataset_5/Parallel Gearbox Dataset/gear tooth break_1800.csv,17.653,Channel_3,2,gear tooth break_1800,GBX_BT,GBX_TOOTH_DAMAGE,Gear_Broken_Tooth,1800rpm,,3,3,480000,480000,False,480000,0,480000,0.007552133299396603,0.1786360961844905,-1.7966,1.4527,0.00770475,0.17879566431378138,3.2493,-0.03366811285342676,1.3531488669696543,1.7966,10.048342094286008
gear tooth break_200-2400-200.csv,data/raw/dataset_5/Parallel Gearbox Dataset/gear tooth break_200-2400-200.csv,17.864,Channel_1,0,gear tooth break_200-2400-200,GBX_BT,GBX_TOOTH_DAMAGE,Gear_Broken_Tooth,200-2400-200,,3,3,480000,480000,False,480000,0,480000,0.026973067844502818,0.12849276094507592,-1.3149,1.2595,0.02454,0.1312933204859736,2.5744,0.07131183020722401,4.304853127293283,1.3149,10.014980161465822
gear tooth break_200-2400-200.csv,data/raw/dataset_5/Parallel Gearbox Dataset/gear tooth break_200-2400-200.csv,17.864,Channel_2,1,gear tooth break_200-2400-200,GBX_BT,GBX_TOOTH_DAMAGE,Gear_Broken_Tooth,200-2400-200,,3,3,480000,480000,False,480000,0,480000,-0.0021823475193060837,0.22724803419493728,-2.8694,2.5902,-0.0027589,0.22725851290140575,5.4596,-0.006644193552126064,6.365231661833679,2.8694,12.62614968023163
gear tooth break_200-2400-200.csv,data/raw/dataset_5/Parallel Gearbox Dataset/gear tooth break_200-2400-200.csv,17.864,Channel_3,2,gear tooth break_200-2400-200,GBX_BT,GBX_TOOTH_DAMAGE,Gear_Broken_Tooth,200-2400-200,,3,3,480000,480000,False,480000,0,480000,0.005545596250513729,0.1933413245547653,-2.2967,2.099,0.0083476,0.1934208401862757,4.3957,-0.06555015188876512,5.445173181360982,2.2967,11.874108280101266
gear tooth break_2400.csv,data/raw/dataset_5/Parallel Gearbox Dataset/gear tooth break_2400.csv,17.363,Channel_1,0,gear tooth break_2400,GBX_BT,GBX_TOOTH_DAMAGE,Gear_Broken_Tooth,2400rpm,,3,3,480000,480000,False,480000,0,480000,0.030347700506927915,0.2053482169866881,-1.4518,1.7004,0.030516,0.20757859510477017,3.1521999999999997,-0.020165333602544563,0.9771521057859385,1.7004,8.191596051325837
gear tooth break_2400.csv,data/raw/dataset_5/Parallel Gearbox Dataset/gear tooth break_2400.csv,17.363,Channel_2,1,gear tooth break_2400,GBX_BT,GBX_TOOTH_DAMAGE,Gear_Broken_Tooth,2400rpm,,3,3,480000,480000,False,480000,0,480000,-0.00011474666468495794,0.3940514013048571,-3.0555,2.9386,0.00061408,0.3940514180118106,5.9940999999999995,-0.0018730105453990816,1.0704998441899312,3.0555,7.754064216838879
gear tooth break_2400.csv,data/raw/dataset_5/Parallel Gearbox Dataset/gear tooth break_2400.csv,17.363,Channel_3,2,gear tooth break_2400,GBX_BT,GBX_TOOTH_DAMAGE,Gear_Broken_Tooth,2400rpm,,3,3,480000,480000,False,480000,0,480000,0.0038083902291764595,0.34212685974027146,-2.3914,2.3552,0.0046417,0.34214805565993944,4.7466,-0.013815628899945401,0.9764250512729102,2.3914,6.989371882845973
eccentric gear_1200.csv,data/raw/dataset_5/Parallel Gearbox Dataset/eccentric gear_1200.csv,18.164,Channel_1,0,eccentric gear_1200,GBX_EG,GBX_ECCENTRIC,Gear_Eccentric,1200rpm,,3,3,480000,480000,False,480000,0,480000,0.017387916928677145,0.08385074295243865,-0.57812,0.64922,0.017484,0.08563461186222843,1.2273399999999999,-0.002527756208862378,0.7906376584550125,0.64922,7.581280347769719
eccentric gear_1200.csv,data/raw/dataset_5/Parallel Gearbox Dataset/eccentric gear_1200.csv,18.164,Channel_2,1,eccentric gear_1200,GBX_EG,GBX_ECCENTRIC,Gear_Eccentric,1200rpm,,3,3,480000,480000,False,480000,0,480000,-0.0023150330719601243,0.08977546577036807,-0.51845,0.57081,-0.0022208,0.08980530960032822,1.08926,-0.008220751955834984,0.3141289835226453,0.57081,6.356082981511306
eccentric gear_1200.csv,data/raw/dataset_5/Parallel Gearbox Dataset/eccentric gear_1200.csv,18.164,Channel_3,2,eccentric gear_1200,GBX_EG,GBX_ECCENTRIC,Gear_Eccentric,1200rpm,,3,3,480000,480000,False,480000,0,480000,0.0011760866606633335,0.07419242258384749,-0.51741,0.51351,0.0012629,0.07420174356909405,1.03092,0.003879729835495508,0.9190628196759798,0.51741,6.973016739400552
eccentric gear_1800.csv,data/raw/dataset_5/Parallel Gearbox Dataset/eccentric gear_1800.csv,17.712,Channel_1,0,eccentric gear_1800,GBX_EG,GBX_ECCENTRIC,Gear_Eccentric,1800rpm,,3,3,480000,480000,False,480000,0,480000,0.024880231227783104,0.17123292854605224,-1.3496,2.0556,0.0236525,0.17303104266115193,3.4052,0.06339637847609947,1.0479683213489333,2.0556,11.879949218276964
eccentric gear_1800.csv,data/raw/dataset_5/Parallel Gearbox Dataset/eccentric gear_1800.csv,17.712,Channel_2,1,eccentric gear_1800,GBX_EG,GBX_ECCENTRIC,Gear_Eccentric,1800rpm,,3,3,480000,480000,False,480000,0,480000,-0.004874490432444541,0.15571464968048193,-0.90967,0.81225,-0.0051278,0.15579092650758328,1.72192,0.009708262953578975,0.14386573303880912,0.90967,5.839043520648945
eccentric gear_1800.csv,data/raw/dataset_5/Parallel Gearbox Dataset/eccentric gear_1800.csv,17.712,Channel_3,2,eccentric gear_1800,GBX_EG,GBX_ECCENTRIC,Gear_Eccentric,1800rpm,,3,3,480000,480000,False,480000,0,480000,0.00450815268355306,0.13669843173016036,-1.0764,1.121,0.0040025,0.13677274830207783,2.1974,0.016279000028233178,1.0999248112251951,1.121,8.1960771711931
eccentric gear_200-2400-200.csv,data/raw/dataset_5/Parallel Gearbox Dataset/eccentric gear_200-2400-200.csv,17.834,Channel_1,0,eccentric gear_200-2400-200,GBX_EG,GBX_ECCENTRIC,Gear_Eccentric,200-2400-200,,3,3,480000,480000,False,480000,0,480000,0.03129801926039062,0.17267401407300245,-1.3703,1.6714,0.031605,0.1754875526802606,3.0417,-0.022068357458534343,3.2141652756049144,1.6714,9.524322235237397
eccentric gear_200-2400-200.csv,data/raw/dataset_5/Parallel Gearbox Dataset/eccentric gear_200-2400-200.csv,17.834,Channel_2,1,eccentric gear_200-2400-200,GBX_EG,GBX_ECCENTRIC,Gear_Eccentric,200-2400-200,,3,3,480000,480000,False,480000,0,480000,-0.0025186917526220836,0.15688915934526163,-1.1351,1.3815,-0.0010649000000000001,0.1569093755267913,2.5166,0.008053123608223623,2.029808408792209,1.3815,8.804445211523499
eccentric gear_200-2400-200.csv,data/raw/dataset_5/Parallel Gearbox Dataset/eccentric gear_200-2400-200.csv,17.834,Channel_3,2,eccentric gear_200-2400-200,GBX_EG,GBX_ECCENTRIC,Gear_Eccentric,200-2400-200,,3,3,480000,480000,False,480000,0,480000,0.009231184873457764,0.15235006220798847,-1.433,1.6404,0.0106855,0.15262947365743593,3.0734000000000004,-0.14835110871768234,4.463603990534825,1.6404,10.747596520458037
eccentric gear_2400.csv,data/raw/dataset_5/Parallel Gearbox Dataset/eccentric gear_2400.csv,17.423,Channel_1,0,eccentric gear_2400,GBX_EG,GBX_ECCENTRIC,Gear_Eccentric,2400rpm,,3,3,480000,480000,False,480000,0,480000,0.031183439877598054,0.2806603991745537,-1.7616,1.9385,0.0310135,0.2823874405624649,3.7001,-0.01002348884702133,0.5210073001909623,1.9385,6.864682069920876
eccentric gear_2400.csv,data/raw/dataset_5/Parallel Gearbox Dataset/eccentric gear_2400.csv,17.423,Channel_2,1,eccentric gear_2400,GBX_EG,GBX_ECCENTRIC,Gear_Eccentric,2400rpm,,3,3,480000,480000,False,480000,0,480000,-0.003028071644848208,0.23175468373170938,-1.2489,1.1494,-0.00044397999999999996,0.23177446505055507,2.3983,-0.07065433110236369,0.275134558696323,1.2489,5.388427925947699
eccentric gear_2400.csv,data/raw/dataset_5/Parallel Gearbox Dataset/eccentric gear_2400.csv,17.423,Channel_3,2,eccentric gear_2400,GBX_EG,GBX_ECCENTRIC,Gear_Eccentric,2400rpm,,3,3,480000,480000,False,480000,0,480000,0.008345223914068604,0.26748075423625933,-1.8157,1.8421,0.0095443,0.2676109053252017,3.6578,-0.027093600810566734,0.7657491689913849,1.8421,6.883501245068746
gear surface wear_1200.csv,data/raw/dataset_5/Parallel Gearbox Dataset/gear surface wear_1200.csv,17.34,Channel_1,0,gear surface wear_1200,GBX_WR,GBX_WEAR,Gear_Wear,1200rpm,,3,3,480000,480000,False,480000,0,480000,0.1020212656182115,0.09066838762967051,-1.1326,1.0377,0.10187,0.13648844329724713,2.1703,-0.03939684864303359,1.8128245601985924,1.1326,8.298138455088115
gear surface wear_1200.csv,data/raw/dataset_5/Parallel Gearbox Dataset/gear surface wear_1200.csv,17.34,Channel_2,1,gear surface wear_1200,GBX_WR,GBX_WEAR,Gear_Wear,1200rpm,,3,3,480000,480000,False,480000,0,480000,0.06727794080178015,0.09832381606148441,-0.78549,1.0025,0.0671855,0.11913813043446862,1.78799,0.01016010237570052,1.5022136509390052,1.0025,8.414602414391759
gear surface wear_1200.csv,data/raw/dataset_5/Parallel Gearbox Dataset/gear surface wear_1200.csv,17.34,Channel_3,2,gear surface wear_1200,GBX_WR,GBX_WEAR,Gear_Wear,1200rpm,,3,3,480000,480000,False,480000,0,480000,0.09013274094132427,0.10337006235704829,-0.62273,0.79515,0.089475,0.13714693135938524,1.41788,0.03286219338592937,0.5543499363851758,0.79515,5.797796510053568
gear surface wear_1800.csv,data/raw/dataset_5/Parallel Gearbox Dataset/gear surface wear_1800.csv,17.619,Channel_1,0,gear surface wear_1800,GBX_WR,GBX_WEAR,Gear_Wear,1800rpm,,3,3,480000,480000,False,480000,0,480000,0.04865824853085903,0.1581960502692103,-1.2291,1.6451,0.047558,0.16551016727340156,2.8742,0.05592008254017245,0.8895959050299407,1.6451,9.939570644518206
gear surface wear_1800.csv,data/raw/dataset_5/Parallel Gearbox Dataset/gear surface wear_1800.csv,17.619,Channel_2,1,gear surface wear_1800,GBX_WR,GBX_WEAR,Gear_Wear,1800rpm,,3,3,480000,480000,False,480000,0,480000,0.019043406773400124,0.17131404913378281,-1.3885,1.3881,0.017734,0.17236923963442358,2.7766,0.034056692908221636,0.6928296147091677,1.3885,8.055381592126633
gear surface wear_1800.csv,data/raw/dataset_5/Parallel Gearbox Dataset/gear surface wear_1800.csv,17.619,Channel_3,2,gear surface wear_1800,GBX_WR,GBX_WEAR,Gear_Wear,1800rpm,,3,3,480000,480000,False,480000,0,480000,0.02393040480958279,0.13321471018197356,-1.0383,0.96388,0.0225075,0.13534704756003255,2.00218,0.08054707031256628,0.5207736023742386,1.0383,7.671390094707954
gear surface wear_200-2400-200.csv,data/raw/dataset_5/Parallel Gearbox Dataset/gear surface wear_200-2400-200.csv,17.864,Channel_1,0,gear surface wear_200-2400-200,GBX_WR,GBX_WEAR,Gear_Wear,200-2400-200,,3,3,480000,480000,False,480000,0,480000,0.04001457418773623,0.15551619282716223,-1.5608,1.6151,0.0386305,0.16058160660200455,3.1759,-0.11851809011362774,5.354165360193512,1.6151,10.057814429537776
gear surface wear_200-2400-200.csv,data/raw/dataset_5/Parallel Gearbox Dataset/gear surface wear_200-2400-200.csv,17.864,Channel_2,1,gear surface wear_200-2400-200,GBX_WR,GBX_WEAR,Gear_Wear,200-2400-200,,3,3,480000,480000,False,480000,0,480000,0.004538754253926582,0.16515376627559963,-2.1076,1.9439,0.0040249,0.16521612150511505,4.0515,-0.041545987584458044,5.944452535298673,2.1076,12.756624358445245
gear surface wear_200-2400-200.csv,data/raw/dataset_5/Parallel Gearbox Dataset/gear surface wear_200-2400-200.csv,17.864,Channel_3,2,gear surface wear_200-2400-200,GBX_WR,GBX_WEAR,Gear_Wear,200-2400-200,,3,3,480000,480000,False,480000,0,480000,0.013888877277778312,0.13058603435483523,-1.2964,1.1979,0.0140465,0.1313225543482893,2.4943,-0.10294215347913509,4.773795099309637,1.2964,9.871876209182858
gear surface wear_2400.csv,data/raw/dataset_5/Parallel Gearbox Dataset/gear surface wear_2400.csv,17.382,Channel_1,0,gear surface wear_2400,GBX_WR,GBX_WEAR,Gear_Wear,2400rpm,,3,3,480000,480000,False,480000,0,480000,0.03903390235761207,0.2842772310332925,-2.0235,2.0258,0.038377,0.2869445758630394,4.0493,-0.007455435280128657,0.9755144285854054,2.0258,7.059899961192952
gear surface wear_2400.csv,data/raw/dataset_5/Parallel Gearbox Dataset/gear surface wear_2400.csv,17.382,Channel_2,1,gear surface wear_2400,GBX_WR,GBX_WEAR,Gear_Wear,2400rpm,,3,3,480000,480000,False,480000,0,480000,0.010610715251747919,0.3070679486992704,-2.3177,2.5212,0.012154499999999999,0.30725122033367325,4.8389,-0.01390648877115948,1.4706428820917754,2.5212,8.20566309634829
gear surface wear_2400.csv,data/raw/dataset_5/Parallel Gearbox Dataset/gear surface wear_2400.csv,17.382,Channel_3,2,gear surface wear_2400,GBX_WR,GBX_WEAR,Gear_Wear,2400rpm,,3,3,480000,480000,False,480000,0,480000,0.017355041407360328,0.24083703433485906,-1.6283,1.8657,0.018083,0.24146153848897198,3.4939999999999998,-0.03243302077401771,0.8781404003250448,1.8657,7.7266963992495645
IF+gear tooth break_1200.csv,data/raw/dataset_5/Mixed Fault Dataset/IF+gear tooth break_1200.csv,17.661,Channel_1,0,IF+gear tooth break_1200,MIX_IB,MIXED,Mixed_IR_GearBrokenTooth,1200rpm,,3,3,480000,480000,False,480000,0,480000,0.0323389050808472,0.07794776588729731,-0.69592,0.7277,0.032067,0.08438992231687949,1.42362,0.10212886320925182,2.7667412499370805,0.7277,8.62306754196937
IF+gear tooth break_1200.csv,data/raw/dataset_5/Mixed Fault Dataset/IF+gear tooth break_1200.csv,17.661,Channel_2,1,IF+gear tooth break_1200,MIX_IB,MIXED,Mixed_IR_GearBrokenTooth,1200rpm,,3,3,480000,480000,False,480000,0,480000,0.12101097378850584,0.1477605732134384,-1.1397,1.614,0.11477,0.1909891168983362,2.7537000000000003,0.1496409591012838,1.2621874385007885,1.614,8.450743299991982
IF+gear tooth break_1200.csv,data/raw/dataset_5/Mixed Fault Dataset/IF+gear tooth break_1200.csv,17.661,Channel_3,2,IF+gear tooth break_1200,MIX_IB,MIXED,Mixed_IR_GearBrokenTooth,1200rpm,,3,3,480000,480000,False,480000,0,480000,0.03551841744806786,0.0939571513246279,-0.63573,0.73649,0.034381,0.10044652439509408,1.37222,0.04765385409250814,0.5145138724615381,0.73649,7.332160116392947
IF+gear tooth break_1800.csv,data/raw/dataset_5/Mixed Fault Dataset/IF+gear tooth break_1800.csv,17.707,Channel_1,0,IF+gear tooth break_1800,MIX_IB,MIXED,Mixed_IR_GearBrokenTooth,1800rpm,,3,3,480000,480000,False,480000,0,480000,0.02940037906831944,0.10505176327050934,-0.81349,1.0506,0.0288975,0.10908829110222604,1.86409,0.0616036043583908,1.3526502655891353,1.0506,9.630731120496593
IF+gear tooth break_1800.csv,data/raw/dataset_5/Mixed Fault Dataset/IF+gear tooth break_1800.csv,17.707,Channel_2,1,IF+gear tooth break_1800,MIX_IB,MIXED,Mixed_IR_GearBrokenTooth,1800rpm,,3,3,480000,480000,False,480000,0,480000,0.014666588294174792,0.19592327784239735,-1.8246,1.788,0.015220999999999998,0.19647147277073093,3.6126,-0.029220753904891275,1.1777512359027948,1.8246,9.286844416996793
IF+gear tooth break_1800.csv,data/raw/dataset_5/Mixed Fault Dataset/IF+gear tooth break_1800.csv,17.707,Channel_3,2,IF+gear tooth break_1800,MIX_IB,MIXED,Mixed_IR_GearBrokenTooth,1800rpm,,3,3,480000,480000,False,480000,0,480000,0.004923389492924647,0.1608302455580076,-1.2681,1.4321,0.0052851,0.16090558613779715,2.7001999999999997,-0.003252974346720859,1.988017945499017,1.4321,8.900250354102504
IF+gear tooth break_200-2400-200.csv,data/raw/dataset_5/Mixed Fault Dataset/IF+gear tooth break_200-2400-200.csv,17.82,Channel_1,0,IF+gear tooth break_200-2400-200,MIX_IB,MIXED,Mixed_IR_GearBrokenTooth,200-2400-200,,3,3,480000,480000,False,480000,0,480000,0.031084518951700887,0.11509830267146884,-1.1054,1.1225,0.029707,0.11922192162648486,2.2279,0.04573027183072761,3.692752422231375,1.1225,9.415214791762251
IF+gear tooth break_200-2400-200.csv,data/raw/dataset_5/Mixed Fault Dataset/IF+gear tooth break_200-2400-200.csv,17.82,Channel_2,1,IF+gear tooth break_200-2400-200,MIX_IB,MIXED,Mixed_IR_GearBrokenTooth,200-2400-200,,3,3,480000,480000,False,480000,0,480000,-0.0001926711095209584,0.1988199200785429,-2.1194,2.227,-0.0015207,0.19882001343475122,4.3464,-0.010516500546075893,3.3995132029849797,2.227,11.20108565293331
IF+gear tooth break_200-2400-200.csv,data/raw/dataset_5/Mixed Fault Dataset/IF+gear tooth break_200-2400-200.csv,17.82,Channel_3,2,IF+gear tooth break_200-2400-200,MIX_IB,MIXED,Mixed_IR_GearBrokenTooth,200-2400-200,,3,3,480000,480000,False,480000,0,480000,0.007213126259687354,0.23127708870464408,-3.1622,2.8338,0.0051199999999999996,0.23138954373552403,5.996,0.04186009636617042,12.63863304888624,3.1622,13.666131792084622
IF+gear tooth break_2400.csv,data/raw/dataset_5/Mixed Fault Dataset/IF+gear tooth break_2400.csv,17.398,Channel_1,0,IF+gear tooth break_2400,MIX_IB,MIXED,Mixed_IR_GearBrokenTooth,2400rpm,,3,3,480000,480000,False,480000,0,480000,0.033947792355807326,0.17838077194699717,-1.1948,1.6703,0.0343665,0.18158235708966775,2.8651,0.010419459793567298,1.0418187764013984,1.6703,9.198580890626857
IF+gear tooth break_2400.csv,data/raw/dataset_5/Mixed Fault Dataset/IF+gear tooth break_2400.csv,17.398,Channel_2,1,IF+gear tooth break_2400,MIX_IB,MIXED,Mixed_IR_GearBrokenTooth,2400rpm,,3,3,480000,480000,False,480000,0,480000,0.006519172859120082,0.29744260968942676,-2.6982,2.5254,0.0065061,0.29751404281751764,5.223599999999999,-0.012250249423336461,1.0359589227832684,2.6982,9.069151743048849
IF+gear tooth break_2400.csv,data/raw/dataset_5/Mixed Fault Dataset/IF+gear tooth break_2400.csv,17.398,Channel_3,2,IF+gear tooth break_2400,MIX_IB,MIXED,Mixed_IR_GearBrokenTooth,2400rpm,,3,3,480000,480000,False,480000,0,480000,0.005059188062949792,0.40365773740996297,-3.3783,3.4,0.0041865,0.40368944047966726,6.7783,0.011539639807066873,3.018040130131702,3.4,8.42231591680994
IF+eccentric gear_1200.csv,data/raw/dataset_5/Mixed Fault Dataset/IF+eccentric gear_1200.csv,18.14,Channel_1,0,IF+eccentric gear_1200,MIX_II,MIXED,Mixed_IR_EccentricGear,1200rpm,,3,3,480000,480000,False,480000,0,480000,0.026865644234052705,0.05333941445435454,-0.25922,0.33862,0.027063,0.059723161122332565,0.5978399999999999,-0.03217351277167532,0.2657541293828145,0.33862,5.669827143047494
IF+eccentric gear_1200.csv,data/raw/dataset_5/Mixed Fault Dataset/IF+eccentric gear_1200.csv,18.14,Channel_2,1,IF+eccentric gear_1200,MIX_II,MIXED,Mixed_IR_EccentricGear,1200rpm,,3,3,480000,480000,False,480000,0,480000,-0.004526511619639374,0.09283962347683752,-0.61427,0.49443,-0.0040817,0.09294990583515238,1.1087,-0.06501895113273772,0.6056742647461366,0.61427,6.608613472824967
IF+eccentric gear_1200.csv,data/raw/dataset_5/Mixed Fault Dataset/IF+eccentric gear_1200.csv,18.14,Channel_3,2,IF+eccentric gear_1200,MIX_II,MIXED,Mixed_IR_EccentricGear,1200rpm,,3,3,480000,480000,False,480000,0,480000,0.0006858629205175623,0.08978282081439734,-0.55414,0.60816,-0.00041274,0.08978544047525698,1.1623,0.05935036408646894,0.388279378949842,0.60816,6.773481276929264
IF+eccentric gear_1800.csv,data/raw/dataset_5/Mixed Fault Dataset/IF+eccentric gear_1800.csv,17.83,Channel_1,0,IF+eccentric gear_1800,MIX_II,MIXED,Mixed_IR_EccentricGear,1800rpm,,3,3,480000,480000,False,480000,0,480000,0.027931831792646286,0.08593176021138886,-0.43314,0.53842,0.02769,0.09035737180950053,0.97156,0.02059007839273217,0.4086625438312219,0.53842,5.958783320249123
IF+eccentric gear_1800.csv,data/raw/dataset_5/Mixed Fault Dataset/IF+eccentric gear_1800.csv,17.83,Channel_2,1,IF+eccentric gear_1800,MIX_II,MIXED,Mixed_IR_EccentricGear,1800rpm,,3,3,480000,480000,False,480000,0,480000,-0.003529061528702376,0.1483670232904528,-0.87243,0.82889,-0.0034686,0.14840898852611023,1.70132,-0.008505458078230948,0.29481410158979937,0.87243,5.878552294334313
IF+eccentric gear_1800.csv,data/raw/dataset_5/Mixed Fault Dataset/IF+eccentric gear_1800.csv,17.83,Channel_3,2,IF+eccentric gear_1800,MIX_II,MIXED,Mixed_IR_EccentricGear,1800rpm,,3,3,480000,480000,False,480000,0,480000,0.0003581733409479166,0.15075194854641374,-1.3611,1.2628,0.0013129,0.15075237403995576,2.6239,-0.0344458024837911,1.3889263217697465,1.3611,9.028713535478062
IF+eccentric gear_200-2400-200.csv,data/raw/dataset_5/Mixed Fault Dataset/IF+eccentric gear_200-2400-200.csv,17.96,Channel_1,0,IF+eccentric gear_200-2400-200,MIX_II,MIXED,Mixed_IR_EccentricGear,200-2400-200,,3,3,480000,480000,False,480000,0,480000,0.028288515260908,0.08937863234268842,-0.67197,0.74812,0.0269525,0.09374849340184671,1.42009,0.014045956118302387,3.231434417033899,0.74812,7.980074909505299
IF+eccentric gear_200-2400-200.csv,data/raw/dataset_5/Mixed Fault Dataset/IF+eccentric gear_200-2400-200.csv,17.96,Channel_2,1,IF+eccentric gear_200-2400-200,MIX_II,MIXED,Mixed_IR_EccentricGear,200-2400-200,,3,3,480000,480000,False,480000,0,480000,-0.005465556750171001,0.15023536080507544,-1.2842,1.0829,-0.0067155,0.15033474630577104,2.3670999999999998,-0.0032926447466638336,2.330023772750936,1.2842,8.542270044398261
IF+eccentric gear_200-2400-200.csv,data/raw/dataset_5/Mixed Fault Dataset/IF+eccentric gear_200-2400-200.csv,17.96,Channel_3,2,IF+eccentric gear_200-2400-200,MIX_II,MIXED,Mixed_IR_EccentricGear,200-2400-200,,3,3,480000,480000,False,480000,0,480000,0.0029275757611042707,0.18030635576532197,-1.9133,2.0033,0.002236,0.18033012124769354,3.9166,-0.09010837152799889,7.460243419278145,2.0033,11.109070332450756
IF+eccentric gear_2400.csv,data/raw/dataset_5/Mixed Fault Dataset/IF+eccentric gear_2400.csv,17.486,Channel_1,0,IF+eccentric gear_2400,MIX_II,MIXED,Mixed_IR_EccentricGear,2400rpm,,3,3,480000,480000,False,480000,0,480000,0.02861470909894154,0.1457064930604122,-0.9364,0.75523,0.029576,0.14848967538782282,1.69163,-0.09282307342212856,0.766929177087293,0.9364,6.306162348017304
IF+eccentric gear_2400.csv,data/raw/dataset_5/Mixed Fault Dataset/IF+eccentric gear_2400.csv,17.486,Channel_2,1,IF+eccentric gear_2400,MIX_II,MIXED,Mixed_IR_EccentricGear,2400rpm,,3,3,480000,480000,False,480000,0,480000,-0.004434184878452292,0.240639649300074,-1.3258,1.3955,-0.0042703,0.2406804994402307,2.7213000000000003,-0.007364164083849349,0.30682500097191845,1.3955,5.79814319500592
IF+eccentric gear_2400.csv,data/raw/dataset_5/Mixed Fault Dataset/IF+eccentric gear_2400.csv,17.486,Channel_3,2,IF+eccentric gear_2400,MIX_II,MIXED,Mixed_IR_EccentricGear,2400rpm,,3,3,480000,480000,False,480000,0,480000,0.002585507734766813,0.3722791046790498,-2.2375,2.3515,0.00210925,0.37228808284832526,4.589,-0.03771956607510873,1.0732343660797277,2.3515,6.316345078813684
IF+gear surface wear_1200.csv,data/raw/dataset_5/Mixed Fault Dataset/IF+gear surface wear_1200.csv,17.892,Channel_1,0,IF+gear surface wear_1200,MIX_IS,MIXED,Mixed_IR_GearWear,1200rpm,,3,3,480000,480000,False,480000,0,480000,0.05051622006121887,0.07700293412906385,-0.38089,0.49015,0.0505165,0.09209419283406767,0.87104,-0.002679354192796734,0.1353589664682735,0.49015,5.322268265960443
IF+gear surface wear_1200.csv,data/raw/dataset_5/Mixed Fault Dataset/IF+gear surface wear_1200.csv,17.892,Channel_2,1,IF+gear surface wear_1200,MIX_IS,MIXED,Mixed_IR_GearWear,1200rpm,,3,3,480000,480000,False,480000,0,480000,0.030572832885838085,0.06877797118123927,-0.48725,0.43925,0.0308885,0.07526690793750439,0.9265,-0.02122057104062735,0.11952789514796658,0.48725,6.473628495600927
IF+gear surface wear_1200.csv,data/raw/dataset_5/Mixed Fault Dataset/IF+gear surface wear_1200.csv,17.892,Channel_3,2,IF+gear surface wear_1200,MIX_IS,MIXED,Mixed_IR_GearWear,1200rpm,,3,3,480000,480000,False,480000,0,480000,0.007293844257902647,0.11037673729669442,-0.58383,0.81194,0.0068608,0.11061746833263739,1.39577,0.01600350131737625,0.18593089767124082,0.81194,7.340070354515963
IF+gear surface wear_1800.csv,data/raw/dataset_5/Mixed Fault Dataset/IF+gear surface wear_1800.csv,17.881,Channel_1,0,IF+gear surface wear_1800,MIX_IS,MIXED,Mixed_IR_GearWear,1800rpm,,3,3,480000,480000,False,480000,0,480000,0.03266639803357337,0.10401221315630446,-0.56879,0.55966,0.033241,0.10902125502011233,1.12845,-0.021619721132038944,0.2869011782637445,0.56879,5.217239518065254
IF+gear surface wear_1800.csv,data/raw/dataset_5/Mixed Fault Dataset/IF+gear surface wear_1800.csv,17.881,Channel_2,1,IF+gear surface wear_1800,MIX_IS,MIXED,Mixed_IR_GearWear,1800rpm,,3,3,480000,480000,False,480000,0,480000,0.005055949336386334,0.08789188775020189,-0.63764,0.54053,0.0053237,0.08803718848297118,1.17817,-0.00904137862507991,0.3508143791851692,0.63764,7.242848289315113
IF+gear surface wear_1800.csv,data/raw/dataset_5/Mixed Fault Dataset/IF+gear surface wear_1800.csv,17.881,Channel_3,2,IF+gear surface wear_1800,MIX_IS,MIXED,Mixed_IR_GearWear,1800rpm,,3,3,480000,480000,False,480000,0,480000,0.005116308651001333,0.1602302357342063,-1.5691,1.6114,0.0052857,0.16031189930149178,3.1805,-0.0182795770206093,1.6310736712748835,1.6114,10.051655597751408
IF+gear surface wear_200-2400-200.csv,data/raw/dataset_5/Mixed Fault Dataset/IF+gear surface wear_200-2400-200.csv,18.136,Channel_1,0,IF+gear surface wear_200-2400-200,MIX_IS,MIXED,Mixed_IR_GearWear,200-2400-200,,3,3,480000,480000,False,480000,0,480000,0.028819810571819777,0.09625991715195097,-1.0299,1.0317,0.027655,0.10048160593609178,2.0616000000000003,0.09658695572520264,4.5793949546915504,1.0317,10.267550865540317
IF+gear surface wear_200-2400-200.csv,data/raw/dataset_5/Mixed Fault Dataset/IF+gear surface wear_200-2400-200.csv,18.136,Channel_2,1,IF+gear surface wear_200-2400-200,MIX_IS,MIXED,Mixed_IR_GearWear,200-2400-200,,3,3,480000,480000,False,480000,0,480000,-0.0014717811994636669,0.07959801792894951,-0.92075,0.78727,-0.0045375,0.07961162351137213,1.7080199999999999,0.11585761957413893,4.539457956641571,0.92075,11.565522211319749
IF+gear surface wear_200-2400-200.csv,data/raw/dataset_5/Mixed Fault Dataset/IF+gear surface wear_200-2400-200.csv,18.136,Channel_3,2,IF+gear surface wear_200-2400-200,MIX_IS,MIXED,Mixed_IR_GearWear,200-2400-200,,3,3,480000,480000,False,480000,0,480000,0.005096552756550566,0.18978488229686327,-2.4046,2.5379,0.0021166,0.18985330231111214,4.9425,0.09295758901417586,11.126874289694353,2.5379,13.367689521887534
IF+gear surface wear_2400.csv,data/raw/dataset_5/Mixed Fault Dataset/IF+gear surface wear_2400.csv,17.532,Channel_1,0,IF+gear surface wear_2400,MIX_IS,MIXED,Mixed_IR_GearWear,2400rpm,,3,3,480000,480000,False,480000,0,480000,0.028442281112039253,0.1847198302881773,-1.1752,1.2482,0.028942,0.18689670691734855,2.4234,-0.014886912752935967,0.7551281783997368,1.2482,6.678555339939683
IF+gear surface wear_2400.csv,data/raw/dataset_5/Mixed Fault Dataset/IF+gear surface wear_2400.csv,17.532,Channel_2,1,IF+gear surface wear_2400,MIX_IS,MIXED,Mixed_IR_GearWear,2400rpm,,3,3,480000,480000,False,480000,0,480000,-0.0011669633872072086,0.14361262004992867,-0.98677,0.88443,-0.00068057,0.14361736121079602,1.8712,-0.043315475923353434,0.8048737874880563,0.98677,6.8708267000648835
IF+gear surface wear_2400.csv,data/raw/dataset_5/Mixed Fault Dataset/IF+gear surface wear_2400.csv,17.532,Channel_3,2,IF+gear surface wear_2400,MIX_IS,MIXED,Mixed_IR_GearWear,2400rpm,,3,3,480000,480000,False,480000,0,480000,0.0010371325528122917,0.4096804466251054,-2.9982,2.8934,-0.006810699999999999,0.4096817594070767,5.8916,0.0657547974448996,0.9685587749463984,2.9982,7.318363415396449
OF+gear tooth break_1200.csv,data/raw/dataset_5/Mixed Fault Dataset/OF+gear tooth break_1200.csv,18.005,Channel_1,0,OF+gear tooth break_1200,MIX_OB,MIXED,Mixed_OR_GearBrokenTooth,1200rpm,,3,3,480000,480000,False,480000,0,480000,0.02572235378772602,0.0973748357685869,-0.64645,0.71639,0.025157,0.10071493496666824,1.3628399999999998,0.07545343389341477,1.1910175778033762,0.71639,7.113046344487938
OF+gear tooth break_1200.csv,data/raw/dataset_5/Mixed Fault Dataset/OF+gear tooth break_1200.csv,18.005,Channel_2,1,OF+gear tooth break_1200,MIX_OB,MIXED,Mixed_OR_GearBrokenTooth,1200rpm,,3,3,480000,480000,False,480000,0,480000,-0.004821402223274499,0.12101173285026305,-1.3776,1.2235,-0.0049615,0.12110774296807794,2.6010999999999997,-0.03902120396043442,2.1529765834169536,1.3776,11.374995241742
OF+gear tooth break_1200.csv,data/raw/dataset_5/Mixed Fault Dataset/OF+gear tooth break_1200.csv,18.005,Channel_3,2,OF+gear tooth break_1200,MIX_OB,MIXED,Mixed_OR_GearBrokenTooth,1200rpm,,3,3,480000,480000,False,480000,0,480000,0.0005633692832986659,0.08665707830845744,-0.52604,0.50771,0.00038,0.08665890955872621,1.03375,0.0072933606413066385,0.23361174556228415,0.52604,6.0702356246880536
OF+gear tooth break_1800.csv,data/raw/dataset_5/Mixed Fault Dataset/OF+gear tooth break_1800.csv,17.633,Channel_1,0,OF+gear tooth break_1800,MIX_OB,MIXED,Mixed_OR_GearBrokenTooth,1800rpm,,3,3,480000,480000,False,480000,0,480000,0.028859910640033033,0.1479674906395458,-0.88872,1.3408,0.0282835,0.15075567229233788,2.22952,0.04612319393752612,0.44987650627186904,1.3408,8.89386103761315
OF+gear tooth break_1800.csv,data/raw/dataset_5/Mixed Fault Dataset/OF+gear tooth break_1800.csv,17.633,Channel_2,1,OF+gear tooth break_1800,MIX_OB,MIXED,Mixed_OR_GearBrokenTooth,1800rpm,,3,3,480000,480000,False,480000,0,480000,-0.0012758086281275,0.20017411777750246,-1.824,1.8266,-0.0010144,0.20017818341581842,3.6506,-0.008273135026958173,0.8045927008860732,1.8266,9.124870497029693
OF+gear tooth break_1800.csv,data/raw/dataset_5/Mixed Fault Dataset/OF+gear tooth break_1800.csv,17.633,Channel_3,2,OF+gear tooth break_1800,MIX_OB,MIXED,Mixed_OR_GearBrokenTooth,1800rpm,,3,3,480000,480000,False,480000,0,480000,0.0032571632485458336,0.166885276275561,-1.7789,1.322,0.0031994,0.16691705889452402,3.1009,-0.0029496419535328757,1.0781331658068165,1.7789,10.657388835997276
OF+gear tooth break_200-2400-200.csv,data/raw/dataset_5/Mixed Fault Dataset/OF+gear tooth break_200-2400-200.csv,17.813,Channel_1,0,OF+gear tooth break_200-2400-200,MIX_OB,MIXED,Mixed_OR_GearBrokenTooth,200-2400-200,,3,3,480000,480000,False,480000,0,480000,0.02765590699189699,0.14100255606539988,-1.6048,1.3754,0.02376,0.14368914366966182,2.9802,0.16682503616240185,2.643812400618133,1.6048,11.168554276371776
OF+gear tooth break_200-2400-200.csv,data/raw/dataset_5/Mixed Fault Dataset/OF+gear tooth break_200-2400-200.csv,17.813,Channel_2,1,OF+gear tooth break_200-2400-200,MIX_OB,MIXED,Mixed_OR_GearBrokenTooth,200-2400-200,,3,3,480000,480000,False,480000,0,480000,-0.005227125029102665,0.20499372105084193,-2.301,2.7631,-0.0073172,0.20506035332638112,5.0641,0.05319571875618708,4.536073145620353,2.7631,13.47456958489755
OF+gear tooth break_200-2400-200.csv,data/raw/dataset_5/Mixed Fault Dataset/OF+gear tooth break_200-2400-200.csv,17.813,Channel_3,2,OF+gear tooth break_200-2400-200,MIX_OB,MIXED,Mixed_OR_GearBrokenTooth,200-2400-200,,3,3,480000,480000,False,480000,0,480000,0.0030093206200720833,0.20573766986445866,-2.3923,2.6831,-0.0035434999999999998,0.20575967732248063,5.0754,0.12502682936588402,6.72612278502945,2.6831,13.039969905254383
OF+gear tooth break_2400.csv,data/raw/dataset_5/Mixed Fault Dataset/OF+gear tooth break_2400.csv,17.379,Channel_1,0,OF+gear tooth break_2400,MIX_OB,MIXED,Mixed_OR_GearBrokenTooth,2400rpm,,3,3,480000,480000,False,480000,0,480000,0.03276197469321151,0.20853935628077128,-1.6662,1.8691,0.0328315,0.21109715797186157,3.5353,0.011086641298604125,1.1656155107394692,1.8691,8.854216787935837
OF+gear tooth break_2400.csv,data/raw/dataset_5/Mixed Fault Dataset/OF+gear tooth break_2400.csv,17.379,Channel_2,1,OF+gear tooth break_2400,MIX_OB,MIXED,Mixed_OR_GearBrokenTooth,2400rpm,,3,3,480000,480000,False,480000,0,480000,-0.0007434265622123332,0.31729753624664636,-2.5458,2.3984,-0.000732215,0.3172984071678351,4.9442,-0.0039076439432633395,1.351011168734944,2.5458,8.02336205442531
OF+gear tooth break_2400.csv,data/raw/dataset_5/Mixed Fault Dataset/OF+gear tooth break_2400.csv,17.379,Channel_3,2,OF+gear tooth break_2400,MIX_OB,MIXED,Mixed_OR_GearBrokenTooth,2400rpm,,3,3,480000,480000,False,480000,0,480000,0.0051011639266768756,0.37225159329787355,-2.7464,2.8205,0.0025693499999999998,0.37228654365449776,5.5669,0.0034891363903849972,1.1189783431326275,2.8205,7.576153498090379
OF+eccentric gear_1200.csv,data/raw/dataset_5/Mixed Fault Dataset/OF+eccentric gear_1200.csv,18.026,Channel_1,0,OF+eccentric gear_1200,MIX_OI,MIXED,Mixed_OR_EccentricGear,1200rpm,,3,3,480000,480000,False,480000,0,480000,0.028848116587934278,0.08633023864066018,-0.40033,0.47611,0.0286565,0.09102265616001537,0.87644,0.015278167349176633,0.17244385021293285,0.47611,5.2306757469592124
OF+eccentric gear_1200.csv,data/raw/dataset_5/Mixed Fault Dataset/OF+eccentric gear_1200.csv,18.026,Channel_2,1,OF+eccentric gear_1200,MIX_OI,MIXED,Mixed_OR_EccentricGear,1200rpm,,3,3,480000,480000,False,480000,0,480000,-0.003713041181036459,0.10274147635106602,-0.52489,0.53931,-0.0040721,0.10280854846562484,1.0642,0.015619591136439025,0.09419372353710109,0.53931,5.245770006959335
OF+eccentric gear_1200.csv,data/raw/dataset_5/Mixed Fault Dataset/OF+eccentric gear_1200.csv,18.026,Channel_3,2,OF+eccentric gear_1200,MIX_OI,MIXED,Mixed_OR_EccentricGear,1200rpm,,3,3,480000,480000,False,480000,0,480000,0.0015997377064549164,0.0887691316427885,-0.498,0.52267,0.00098811,0.08878354517220052,1.02067,0.029279177457708517,0.034584846966773775,0.52267,5.887014299623348
OF+eccentric gear_1800.csv,data/raw/dataset_5/Mixed Fault Dataset/OF+eccentric gear_1800.csv,17.694,Channel_1,0,OF+eccentric gear_1800,MIX_OI,MIXED,Mixed_OR_EccentricGear,1800rpm,,3,3,480000,480000,False,480000,0,480000,0.02767471272960476,0.13051720405427966,-0.71375,0.67696,0.026907,0.13341900269006896,1.39071,0.027078539084764628,0.16799584275863433,0.71375,5.3496877177086555
OF+eccentric gear_1800.csv,data/raw/dataset_5/Mixed Fault Dataset/OF+eccentric gear_1800.csv,17.694,Channel_2,1,OF+eccentric gear_1800,MIX_OI,MIXED,Mixed_OR_EccentricGear,1800rpm,,3,3,480000,480000,False,480000,0,480000,-0.004613951161016459,0.1767924242527715,-0.93287,1.0638,-0.0052353,0.17685262174615388,1.99667,0.0244887127318178,0.1576436121867979,1.0638,6.015178002432611
OF+eccentric gear_1800.csv,data/raw/dataset_5/Mixed Fault Dataset/OF+eccentric gear_1800.csv,17.694,Channel_3,2,OF+eccentric gear_1800,MIX_OI,MIXED,Mixed_OR_EccentricGear,1800rpm,,3,3,480000,480000,False,480000,0,480000,0.003059475024587354,0.15481396985407284,-1.3146,1.2666,0.0033103,0.15484419798430887,2.5812,-0.016847195527585485,0.8182539167487142,1.3146,8.489824075508563
OF+eccentric gear_200-2400-200.csv,data/raw/dataset_5/Mixed Fault Dataset/OF+eccentric gear_200-2400-200.csv,17.851,Channel_1,0,OF+eccentric gear_200-2400-200,MIX_OI,MIXED,Mixed_OR_EccentricGear,200-2400-200,,3,3,480000,480000,False,480000,0,480000,0.02867221996170833,0.12138432953331094,-0.76242,0.81482,0.025763,0.12472470346240158,1.57724,0.09554661324805032,1.1655219749098116,0.81482,6.532947983681745
OF+eccentric gear_200-2400-200.csv,data/raw/dataset_5/Mixed Fault Dataset/OF+eccentric gear_200-2400-200.csv,17.851,Channel_2,1,OF+eccentric gear_200-2400-200,MIX_OI,MIXED,Mixed_OR_EccentricGear,200-2400-200,,3,3,480000,480000,False,480000,0,480000,-0.0036417765132446675,0.1715384399490175,-1.184,1.3115,-0.007122,0.17157709321560125,2.4955,0.08781623833644576,1.920420655551407,1.3115,7.643794258432789
OF+eccentric gear_200-2400-200.csv,data/raw/dataset_5/Mixed Fault Dataset/OF+eccentric gear_200-2400-200.csv,17.851,Channel_3,2,OF+eccentric gear_200-2400-200,MIX_OI,MIXED,Mixed_OR_EccentricGear,200-2400-200,,3,3,480000,480000,False,480000,0,480000,0.0041102124235725,0.1837541376125999,-2.1394,2.0529,0.00121905,0.18380010047852852,4.1923,0.06816692733760574,6.526267117695557,2.1394,11.639819534537873
OF+eccentric gear_2400.csv,data/raw/dataset_5/Mixed Fault Dataset/OF+eccentric gear_2400.csv,17.437,Channel_1,0,OF+eccentric gear_2400,MIX_OI,MIXED,Mixed_OR_EccentricGear,2400rpm,,3,3,480000,480000,False,480000,0,480000,0.024499137189347008,0.17152666470342223,-0.92141,0.96178,0.024908,0.17326743614223267,1.88319,-0.038864894892980964,0.3154067370890927,0.96178,5.5508410663529935
OF+eccentric gear_2400.csv,data/raw/dataset_5/Mixed Fault Dataset/OF+eccentric gear_2400.csv,17.437,Channel_2,1,OF+eccentric gear_2400,MIX_OI,MIXED,Mixed_OR_EccentricGear,2400rpm,,3,3,480000,480000,False,480000,0,480000,-0.006102508138944251,0.26709556123338685,-1.2807,1.3958,-0.0070926,0.2671652661484344,2.6765,0.025519311765304475,0.13364252392513531,1.3958,5.224481535801541
OF+eccentric gear_2400.csv,data/raw/dataset_5/Mixed Fault Dataset/OF+eccentric gear_2400.csv,17.437,Channel_3,2,OF+eccentric gear_2400,MIX_OI,MIXED,Mixed_OR_EccentricGear,2400rpm,,3,3,480000,480000,False,480000,0,480000,0.0021765613122098557,0.3706036532470628,-2.5487,2.5377,0.00019233,0.3706100446820282,5.0864,-0.007700093156152821,0.7514549512463966,2.5487,6.8770397256412865
OF+gear surface wear_1200.csv,data/raw/dataset_5/Mixed Fault Dataset/OF+gear surface wear_1200.csv,17.941,Channel_1,0,OF+gear surface wear_1200,MIX_OS,MIXED,Mixed_OR_GearWear,1200rpm,,3,3,480000,480000,False,480000,0,480000,0.027284993592188802,0.11775109589854371,-0.50287,0.63998,0.027528,0.12087097029739531,1.1428500000000001,-0.0026556197348142274,0.11814108915730692,0.63998,5.294737011090174
OF+gear surface wear_1200.csv,data/raw/dataset_5/Mixed Fault Dataset/OF+gear surface wear_1200.csv,17.941,Channel_2,1,OF+gear surface wear_1200,MIX_OS,MIXED,Mixed_OR_GearWear,1200rpm,,3,3,480000,480000,False,480000,0,480000,-0.004806656188610792,0.08299398234185938,-0.54541,0.6289,-0.0050203,0.0831330562933685,1.17431,0.08287636539051,0.6269769978724522,0.6289,7.56498110427545
OF+gear surface wear_1200.csv,data/raw/dataset_5/Mixed Fault Dataset/OF+gear surface wear_1200.csv,17.941,Channel_3,2,OF+gear surface wear_1200,MIX_OS,MIXED,Mixed_OR_GearWear,1200rpm,,3,3,480000,480000,False,480000,0,480000,0.0033898458454830003,0.12792725034667848,-0.61843,0.59076,0.0027984,0.12797215492488156,1.20919,0.02179024700495547,0.09214038957607285,0.61843,4.832535643109336
OF+gear surface wear_1800.csv,data/raw/dataset_5/Mixed Fault Dataset/OF+gear surface wear_1800.csv,17.708,Channel_1,0,OF+gear surface wear_1800,MIX_OS,MIXED,Mixed_OR_GearWear,1800rpm,,3,3,480000,480000,False,480000,0,480000,0.030662784339094223,0.1626624311238994,-0.81665,0.80477,0.030873499999999998,0.16552725709853078,1.62142,0.005647669161508654,0.09960660960291357,0.81665,4.933628541394157
OF+gear surface wear_1800.csv,data/raw/dataset_5/Mixed Fault Dataset/OF+gear surface wear_1800.csv,17.708,Channel_2,1,OF+gear surface wear_1800,MIX_OS,MIXED,Mixed_OR_GearWear,1800rpm,,3,3,480000,480000,False,480000,0,480000,-0.0029063406811591676,0.1219437927132519,-0.66101,0.77211,-0.0039959,0.1219784218517665,1.43312,0.09303062240223846,0.43262005242561363,0.77211,6.3298900598853605
OF+gear surface wear_1800.csv,data/raw/dataset_5/Mixed Fault Dataset/OF+gear surface wear_1800.csv,17.708,Channel_3,2,OF+gear surface wear_1800,MIX_OS,MIXED,Mixed_OR_GearWear,1800rpm,,3,3,480000,480000,False,480000,0,480000,0.0025388784837483127,0.17914919292177678,-1.3337,1.1819,0.0026991,0.17916718234230075,2.5156,-0.013813177905489037,0.5648331611218365,1.3337,7.443885551830315
OF+gear surface wear_200-2400-200.csv,data/raw/dataset_5/Mixed Fault Dataset/OF+gear surface wear_200-2400-200.csv,17.822,Channel_1,0,OF+gear surface wear_200-2400-200,MIX_OS,MIXED,Mixed_OR_GearWear,200-2400-200,,3,3,480000,480000,False,480000,0,480000,0.03045833024902434,0.15587356503176295,-0.94455,0.95423,0.0298155,0.15882152926247078,1.89878,-0.0063777997500442185,1.1561464978031983,0.95423,6.008190479157429
OF+gear surface wear_200-2400-200.csv,data/raw/dataset_5/Mixed Fault Dataset/OF+gear surface wear_200-2400-200.csv,17.822,Channel_2,1,OF+gear surface wear_200-2400-200,MIX_OS,MIXED,Mixed_OR_GearWear,200-2400-200,,3,3,480000,480000,False,480000,0,480000,-0.004362088079595292,0.11440895678131653,-0.77018,0.84487,-0.004869,0.11449208358748346,1.61505,0.06837470226774922,1.575086735366856,0.84487,7.37928748894184
OF+gear surface wear_200-2400-200.csv,data/raw/dataset_5/Mixed Fault Dataset/OF+gear surface wear_200-2400-200.csv,17.822,Channel_3,2,OF+gear surface wear_200-2400-200,MIX_OS,MIXED,Mixed_OR_GearWear,200-2400-200,,3,3,480000,480000,False,480000,0,480000,0.003731246404834584,0.23196895873077375,-2.3147,2.2998,0.0014188999999999998,0.23199896554591143,4.6145,0.10285232262293517,5.642230283632564,2.3147,9.977199659288708
OF+gear surface wear_2400.csv,data/raw/dataset_5/Mixed Fault Dataset/OF+gear surface wear_2400.csv,17.482,Channel_1,0,OF+gear surface wear_2400,MIX_OS,MIXED,Mixed_OR_GearWear,2400rpm,,3,3,480000,480000,False,480000,0,480000,0.034261357504366964,0.20923843753939103,-1.1153,1.1387,0.034158,0.2120249144840476,2.254,-0.005091103088695954,0.29442301488620437,1.1387,5.3705952565573325
OF+gear surface wear_2400.csv,data/raw/dataset_5/Mixed Fault Dataset/OF+gear surface wear_2400.csv,17.482,Channel_2,1,OF+gear surface wear_2400,MIX_OS,MIXED,Mixed_OR_GearWear,2400rpm,,3,3,480000,480000,False,480000,0,480000,-0.0011752872411969167,0.1549279677865716,-0.8868,0.79032,-0.0019386,0.1549324256008931,1.67712,0.01613193083487883,0.31860129880023,0.8868,5.72378568631206
OF+gear surface wear_2400.csv,data/raw/dataset_5/Mixed Fault Dataset/OF+gear surface wear_2400.csv,17.482,Channel_3,2,OF+gear surface wear_2400,MIX_OS,MIXED,Mixed_OR_GearWear,2400rpm,,3,3,480000,480000,False,480000,0,480000,0.0028420790454938127,0.4013392264648303,-2.5003,2.5096,-0.00264715,0.40134928941345993,5.0099,0.049750510009348624,0.739115191004942,2.5096,6.252907545115081
Normal_1200.csv,data/raw/dataset_5/Bearing Dataset/Normal_1200.csv,17.897,Channel_1,0,Normal_1200,NOR,NOR,Normal,1200rpm,,3,3,480000,480000,False,480000,0,480000,0.018670451439672997,0.08013851094403283,-0.57722,0.59641,0.018676,0.08228466864056791,1.17363,0.002406985319762216,0.6267873783326334,0.59641,7.2481303000102075
Normal_1200.csv,data/raw/dataset_5/Bearing Dataset/Normal_1200.csv,17.897,Channel_2,1,Normal_1200,NOR,NOR,Normal,1200rpm,,3,3,480000,480000,False,480000,0,480000,-0.0040181077945782495,0.07888452126254068,-0.58104,0.57503,-0.004358,0.0789867893072575,1.1560700000000002,0.023738052317329172,0.7827864768623751,0.58104,7.356166836200451
Normal_1200.csv,data/raw/dataset_5/Bearing Dataset/Normal_1200.csv,17.897,Channel_3,2,Normal_1200,NOR,NOR,Normal,1200rpm,,3,3,480000,480000,False,480000,0,480000,0.004187193489045835,0.3350901488532175,-3.6717,3.5959,0.004109099999999999,0.3351163088358819,7.2676,0.006784075925031469,1.5225692117748961,3.6717,10.956494516052214
normal_1200.csv,data/raw/dataset_5/Parallel Gearbox Dataset/normal_1200.csv,17.777,Channel_1,0,normal_1200,NOR,NOR,Normal,1200rpm,,3,3,480000,480000,False,480000,0,480000,0.015024463547533602,0.15017152974856462,-1.199,1.2054,0.015441,0.1509212471851303,2.4044,-0.0028018976497722783,1.9554886084716312,1.2054,7.986946983822457
normal_1200.csv,data/raw/dataset_5/Parallel Gearbox Dataset/normal_1200.csv,17.777,Channel_2,1,normal_1200,NOR,NOR,Normal,1200rpm,,3,3,480000,480000,False,480000,0,480000,-0.004690667954877832,0.14067612232545823,-1.3847,1.4311,-0.0046264,0.14075430280595405,2.8158000000000003,0.011290088220986394,2.2821108681614612,1.4311,10.167362357461537
normal_1200.csv,data/raw/dataset_5/Parallel Gearbox Dataset/normal_1200.csv,17.777,Channel_3,2,normal_1200,NOR,NOR,Normal,1200rpm,,3,3,480000,480000,False,480000,0,480000,0.006635411943346792,0.1594583554442291,-1.2212,1.2513,0.0066147,0.15959635275480458,2.4725,0.020931408281228907,1.1540831523066597,1.2513,7.840404736080852
Normal_1800.csv,data/raw/dataset_5/Bearing Dataset/Normal_1800.csv,17.952,Channel_1,0,Normal_1800,NOR,NOR,Normal,1800rpm,,3,3,480000,480000,False,480000,0,480000,0.028126865634001557,0.11512425225083754,-0.63639,0.73596,0.028274,0.11851039628111809,1.37235,0.009659416921108074,0.27472249443141017,0.73596,6.210088085894438
Normal_1800.csv,data/raw/dataset_5/Bearing Dataset/Normal_1800.csv,17.952,Channel_2,1,Normal_1800,NOR,NOR,Normal,1800rpm,,3,3,480000,480000,False,480000,0,480000,0.011761160108986125,0.08834633630223894,-0.54034,0.63515,0.0118105,0.08912575399477699,1.17549,-0.002872752139831271,0.3727792516318731,0.63515,7.126447424357515
Normal_1800.csv,data/raw/dataset_5/Bearing Dataset/Normal_1800.csv,17.952,Channel_3,2,Normal_1800,NOR,NOR,Normal,1800rpm,,3,3,480000,480000,False,480000,0,480000,0.006571659454723477,0.09714550204375741,-0.51085,0.56917,0.0067499,0.09736752680089258,1.08002,-0.01625557579128159,0.22914324550253795,0.56917,5.845583416778152
normal_1800.csv,data/raw/dataset_5/Parallel Gearbox Dataset/normal_1800.csv,17.531,Channel_1,0,normal_1800,NOR,NOR,Normal,1800rpm,,3,3,480000,480000,False,480000,0,480000,0.020771471783608234,0.20385117850295836,-1.3252,1.246,0.020708,0.20490670320197493,2.5712,-0.013281090297170162,0.2998310046956765,1.3252,6.467333568359453
normal_1800.csv,data/raw/dataset_5/Parallel Gearbox Dataset/normal_1800.csv,17.531,Channel_2,1,normal_1800,NOR,NOR,Normal,1800rpm,,3,3,480000,480000,False,480000,0,480000,0.002621204272687167,0.23835828180226515,-1.6553,1.7236,0.0027752,0.2383726939386456,3.3789,0.0037153762167883722,0.6702216657902653,1.7236,7.230693967169054
normal_1800.csv,data/raw/dataset_5/Parallel Gearbox Dataset/normal_1800.csv,17.531,Channel_3,2,normal_1800,NOR,NOR,Normal,1800rpm,,3,3,480000,480000,False,480000,0,480000,0.0074699515099795645,0.18576884575184488,-1.4905,1.4687,0.0080978,0.1859189722097618,2.9592,-0.007499820212878968,0.9297116250714748,1.4905,8.016933303172275
Normal_200-2400-200.csv,data/raw/dataset_5/Bearing Dataset/Normal_200-2400-200.csv,17.942,Channel_1,0,Normal_200-2400-200,NOR,NOR,Normal,200-2400-200,,3,3,480000,480000,False,480000,0,480000,0.01812581405784369,0.10261247502254835,-0.73898,0.77606,0.017984,0.1042010804431155,1.51504,-0.017115146973406676,2.473337425682315,0.77606,7.447715481449921
Normal_200-2400-200.csv,data/raw/dataset_5/Bearing Dataset/Normal_200-2400-200.csv,17.942,Channel_2,1,Normal_200-2400-200,NOR,NOR,Normal,200-2400-200,,3,3,480000,480000,False,480000,0,480000,-0.004413864109775957,0.094646860885939,-0.68563,0.80781,-0.004621,0.09474972544520568,1.49344,0.03735665282799851,2.6651553466311757,0.80781,8.525723913228237
Normal_200-2400-200.csv,data/raw/dataset_5/Bearing Dataset/Normal_200-2400-200.csv,17.942,Channel_3,2,Normal_200-2400-200,NOR,NOR,Normal,200-2400-200,,3,3,480000,480000,False,480000,0,480000,0.005320274107311104,0.3932697160217241,-2.7182,2.5501,0.0034675,0.3933057015304818,5.2683,0.01701058167808556,2.930944922090611,2.7182,6.911163477728876
normal_200-2400-200.csv,data/raw/dataset_5/Parallel Gearbox Dataset/normal_200-2400-200.csv,17.744,Channel_1,0,normal_200-2400-200,NOR,NOR,Normal,200-2400-200,,3,3,480000,480000,False,480000,0,480000,0.04133453845446179,0.19436297107606304,-1.7897,1.9126,0.043013,0.19870960871270887,3.7023,0.0014554759327807109,4.53553624097489,1.9126,9.625100730610395
normal_200-2400-200.csv,data/raw/dataset_5/Parallel Gearbox Dataset/normal_200-2400-200.csv,17.744,Channel_2,1,normal_200-2400-200,NOR,NOR,Normal,200-2400-200,,3,3,480000,480000,False,480000,0,480000,0.00583207169186796,0.17408934276219745,-1.5988,1.7839,0.0080181,0.17418700388832967,3.3827,-0.0045400695981390096,4.543453863408073,1.7839,10.24129217552676
normal_200-2400-200.csv,data/raw/dataset_5/Parallel Gearbox Dataset/normal_200-2400-200.csv,17.744,Channel_3,2,normal_200-2400-200,NOR,NOR,Normal,200-2400-200,,3,3,480000,480000,False,480000,0,480000,0.017789276416014715,0.1891257164060763,-1.6179,1.4652,0.0196485,0.1899605089525636,3.0831,-0.031743725423406366,3.531085212277337,1.6179,8.517033403000712
Normal_2400.csv,data/raw/dataset_5/Bearing Dataset/Normal_2400.csv,17.582,Channel_1,0,Normal_2400,NOR,NOR,Normal,2400rpm,,3,3,480000,480000,False,480000,0,480000,0.028270217303944897,0.23161958345143802,-1.4384,1.4542,0.028151,0.23333845937742437,2.8926,-0.015281352841476706,0.8925078359801186,1.4542,6.232148801701974
Normal_2400.csv,data/raw/dataset_5/Bearing Dataset/Normal_2400.csv,17.582,Channel_2,1,Normal_2400,NOR,NOR,Normal,2400rpm,,3,3,480000,480000,False,480000,0,480000,0.0057887033924705405,0.17149304368394605,-1.1502,1.1444,0.0056048,0.17159071396480005,2.2946,0.010451835393732622,0.6834000727411724,1.1502,6.703159940437982
Normal_2400.csv,data/raw/dataset_5/Bearing Dataset/Normal_2400.csv,17.582,Channel_3,2,Normal_2400,NOR,NOR,Normal,2400rpm,,3,3,480000,480000,False,480000,0,480000,0.008155320113291644,0.17208709948752376,-1.0074,0.97124,0.008089849999999999,0.1722802340844101,1.97864,-0.0006103214462900991,0.3681020838639708,1.0074,5.8474496819316855
normal_2400.csv,data/raw/dataset_5/Parallel Gearbox Dataset/normal_2400.csv,17.182,Channel_1,0,normal_2400,NOR,NOR,Normal,2400rpm,,3,3,480000,480000,False,480000,0,480000,0.032844512593614816,0.39636584788663953,-2.2089,2.3809,0.031472,0.3977243359142193,4.5898,0.009861254406287377,0.5634235745263259,2.3809,5.986307059956999
normal_2400.csv,data/raw/dataset_5/Parallel Gearbox Dataset/normal_2400.csv,17.182,Channel_2,1,normal_2400,NOR,NOR,Normal,2400rpm,,3,3,480000,480000,False,480000,0,480000,0.017279963723431664,0.5073728050171519,-3.0336,2.7531,0.019192,0.507666977867633,5.7867,-0.025947918222275504,0.525214097308043,3.0336,5.975570860925621
normal_2400.csv,data/raw/dataset_5/Parallel Gearbox Dataset/normal_2400.csv,17.182,Channel_3,2,normal_2400,NOR,NOR,Normal,2400rpm,,3,3,480000,480000,False,480000,0,480000,0.04740361667488217,0.3995136620850388,-2.4285,2.629,0.047162499999999996,0.40231613075597367,5.0575,-0.0049420271402820844,0.6164092870297342,2.629,6.534662169920872
